AG-BlendProperty1,AG-BlendProperty2,AG-BlendProperty3,AG-BlendProperty4,AG-BlendProperty5,AG-BlendProperty6,AG-BlendProperty7,AG-BlendProperty8,AG-BlendProperty9,AG-BlendProperty10
0.15153388679027557,0.22737489640712738,0.6315027475357056,0.6267578601837158,0.3476952314376831,0.7108217477798462,0.6343028545379639,0.29618901014328003,-0.20498740673065186,0.33719301223754883
-0.8022883534431458,-0.5885588526725769,-1.199433445930481,0.059292592108249664,-0.7233553528785706,-0.10230782628059387,-1.2211170196533203,-1.0728815793991089,-0.8257529139518738,0.01568266563117504
1.7468700408935547,1.134697437286377,1.1107761859893799,1.0823571681976318,2.1048386096954346,1.8452270030975342,1.0881965160369873,1.9376505613327026,0.5364484190940857,2.1842844486236572
-0.45072314143180847,0.30015286803245544,0.8274051547050476,-0.6686055660247803,2.002725839614868,-0.4362882077693939,0.8193734288215637,1.7849997282028198,0.8331173658370972,-0.9256936311721802
0.16767551004886627,-1.163578987121582,1.176551342010498,0.47002893686294556,2.508906364440918,0.24573685228824615,1.152252197265625,-0.005456019192934036,-0.34576964378356934,1.0586212873458862
-1.4964944124221802,-1.7185003757476807,0.479566752910614,-1.458991527557373,0.005066566169261932,-1.6411035060882568,0.4833691120147705,0.09884089231491089,-0.9059236645698547,0.06698164343833923
1.1677335500717163,0.5647109150886536,-0.11696916818618774,0.0095219686627388,-0.11665921658277512,0.554156482219696,-0.1140575110912323,0.15224365890026093,1.2372127771377563,0.26469317078590393
2.0636518001556396,1.2671247720718384,0.8040281534194946,1.4416974782943726,-1.557340145111084,1.4733116626739502,0.7960957288742065,1.048075795173645,1.6858830451965332,0.5392184853553772
1.4061548709869385,1.0835918188095093,1.186801791191101,1.7768415212631226,-0.5358519554138184,0.9762206077575684,1.1691126823425293,0.27992698550224304,1.032414436340332,1.0293455123901367
-0.949103832244873,-0.7833606004714966,-2.311685085296631,-0.6046821475028992,-1.1563128232955933,-0.6350530982017517,-2.2122719287872314,0.3003261387348175,-0.5573903322219849,-1.2321583032608032
0.06297522783279419,0.4951201379299164,0.7628073692321777,0.4212709069252014,1.7313730716705322,-0.23451504111289978,0.7913205623626709,-0.03896188735961914,-0.8919817805290222,1.0098934173583984
1.8370064496994019,0.9146087765693665,0.8066370487213135,-0.33617812395095825,1.1452233791351318,0.5371559858322144,0.8173162937164307,1.0996943712234497,-0.06281156092882156,1.0653260946273804
0.526525616645813,-0.5727619528770447,0.9064508080482483,0.04359171912074089,-1.4074926376342773,2.4984593391418457,0.911521852016449,0.6636484861373901,1.3333168029785156,1.8604927062988281
-0.25105997920036316,0.8927581310272217,0.683790385723114,-0.8603952527046204,2.6395633220672607,-0.4479043483734131,0.6846868991851807,0.09191329777240753,-0.9552646279335022,-0.36075037717819214
0.4831291735172272,2.021958351135254,0.5682287216186523,1.618749976158142,-0.21304982900619507,0.17275160551071167,0.5457086563110352,0.857767641544342,0.2925580143928528,-0.4275491237640381
-0.06891747564077377,-0.8122599720954895,1.0826172828674316,-0.7542104125022888,0.4924341142177582,-1.146028995513916,1.0643914937973022,-0.10419759154319763,-1.6322011947631836,-0.044028736650943756
-1.4643508195877075,-1.45331609249115,-0.18786054849624634,-1.574446678161621,-0.7728480100631714,-0.14101114869117737,-0.1956743597984314,-0.9840363264083862,-0.3744644522666931,-1.4225635528564453
-0.27580058574676514,-0.4652895927429199,0.2963409721851349,-0.6817948818206787,-0.07039966434240341,-0.180341899394989,0.2784837484359741,0.885808527469635,-0.2195582091808319,-1.007540225982666
0.16301055252552032,-0.39386454224586487,0.929755449295044,-0.6968473196029663,1.4614689350128174,-0.9918419718742371,0.9215515851974487,1.5453180074691772,-1.1328246593475342,1.6479291915893555
-0.8200322985649109,-1.5762978792190552,0.37209653854370117,-1.3795276880264282,-0.7534663677215576,-0.8216415643692017,0.370842307806015,-0.055585090070962906,-1.327939510345459,-1.772347092628479
0.14901237189769745,-2.1328866481781006,0.2005321979522705,-0.9297446012496948,1.8069374561309814,-1.9090867042541504,0.16700837016105652,0.9526511430740356,-0.8882150650024414,0.5038303136825562
0.3406827449798584,0.9912844300270081,0.008992109447717667,1.548630714416504,1.2988204956054688,1.8673017024993896,0.00834984052926302,0.7763344049453735,0.6683394908905029,1.6908998489379883
0.9776464700698853,1.6038506031036377,1.1293766498565674,0.8025250434875488,1.5728424787521362,0.27541255950927734,1.1318861246109009,0.8692467212677002,0.07196354866027832,1.4007737636566162
0.11302545666694641,0.6761780381202698,0.4465204179286957,0.3876902163028717,-0.9621019959449768,0.24436497688293457,0.43196678161621094,-0.6930290460586548,-0.032899409532547,-0.02205665595829487
-1.5243068933486938,-0.9419897794723511,-0.09687194228172302,-0.5955935716629028,-0.5509549379348755,-0.34538158774375916,-0.07903195917606354,-1.1332716941833496,-0.2553054690361023,0.038623202592134476
-0.39588743448257446,-0.5919485688209534,0.23048202693462372,-1.0185341835021973,-0.297465056180954,0.24423180520534515,0.15381750464439392,-1.2136884927749634,0.0002766152028925717,-1.7484478950500488
0.8002952337265015,0.31426313519477844,-0.5257059335708618,1.6509207487106323,-1.3170784711837769,0.3640994429588318,-0.4972567558288574,0.6167585253715515,0.728183925151825,-1.0198498964309692
0.17539136111736298,-0.3218950033187866,-0.40988266468048096,-0.6003285646438599,-1.1496434211730957,-0.3600400686264038,-0.41389912366867065,-1.0450334548950195,0.6093877553939819,0.6973945498466492
-0.8122633695602417,-1.5461775064468384,-0.3848732113838196,-0.5500447154045105,-0.4282420575618744,-0.7996298670768738,-0.3758874237537384,-0.9709073305130005,-0.5317027568817139,0.18534421920776367
-0.2144012302160263,0.14329373836517334,-0.6783275604248047,-0.8581048250198364,-1.5667648315429688,0.14644823968410492,-0.6952823400497437,-0.8961949348449707,-0.1446337252855301,-1.7536317110061646
-1.175443410873413,-0.3849005103111267,0.20402540266513824,-0.5400441288948059,1.0023176670074463,-0.8941906094551086,0.17703977227210999,-0.10130742192268372,-1.3706190586090088,0.30663642287254333
-1.345184326171875,-0.4222104549407959,-0.13284169137477875,-1.1047470569610596,0.3950131833553314,-1.4795074462890625,-0.09802135825157166,-0.3065025210380554,-0.5026706457138062,0.2622562348842621
0.643790602684021,0.5984963178634644,-0.37776240706443787,0.5858495235443115,0.10549552738666534,-0.43440887331962585,-0.36710044741630554,0.08742883056402206,0.5533660650253296,-0.1411091387271881
0.6308701038360596,1.0200209617614746,0.05421826243400574,0.032971110194921494,-0.9898430705070496,0.040608424693346024,0.054749634116888046,1.1777068376541138,-0.08797376602888107,-0.6276019811630249
-0.7315425276756287,-1.359241008758545,-0.1596955955028534,-0.9143980741500854,0.11353638768196106,-0.43488654494285583,-0.2142437994480133,-1.2545781135559082,-2.203671932220459,0.21759499609470367
1.8148125410079956,0.3060034513473511,0.5190762281417847,0.6337631344795227,0.720906674861908,0.5818732976913452,0.4760214686393738,1.3985618352890015,-0.4099034070968628,0.35290923714637756
0.013717380352318287,-0.24332135915756226,-0.5057350993156433,-0.03797540441155434,-1.2422759532928467,0.3373871147632599,-0.48764169216156006,-0.1747869998216629,1.633297324180603,-0.23124633729457855
0.26959145069122314,0.7903972864151001,0.5237950682640076,1.383486270904541,0.27263179421424866,0.7064465880393982,0.5267738103866577,-0.07630854845046997,1.1130118370056152,-0.6685453653335571
-2.014864683151245,-1.4856982231140137,0.07894232869148254,-1.442918300628662,0.21323524415493011,-0.263003945350647,0.05555366724729538,-1.6829047203063965,-0.7934392094612122,0.07971959561109543
0.2372325211763382,0.7644113898277283,0.5100010633468628,-1.2927274703979492,-0.23348583281040192,0.2852180004119873,0.5141884684562683,-0.14721328020095825,0.7719635963439941,-0.3979795277118683
1.9092515707015991,1.2705620527267456,1.525315284729004,1.4343655109405518,1.902618646621704,2.21466064453125,1.3841602802276611,1.334409475326538,1.40272057056427,1.9003431797027588
2.0785133838653564,0.6726393699645996,1.2866648435592651,0.7758150100708008,-1.2131315469741821,0.5984727740287781,1.2020540237426758,1.1549407243728638,1.4626448154449463,2.188323497772217
-1.7028640508651733,-0.4468960762023926,-0.7639296054840088,-1.2862403392791748,-0.4953065812587738,-0.4278329610824585,-0.8229721784591675,-2.077533483505249,-0.9650923013687134,-1.5118663311004639
1.217844009399414,0.44595450162887573,0.18281617760658264,0.5967275500297546,-0.335517942905426,0.526909351348877,0.17399927973747253,1.8449440002441406,0.21444961428642273,0.1850125789642334
-0.5915302038192749,-0.6456093788146973,-0.05757622420787811,-1.564887285232544,1.8103917837142944,-1.3755338191986084,-0.061151906847953796,-0.13274243474006653,-1.1500407457351685,0.4340687394142151
0.7324831485748291,1.0366650819778442,0.7628263235092163,0.5457319021224976,0.7175570130348206,0.8342344164848328,0.7717416286468506,0.3967426121234894,0.9802911281585693,-0.9751518368721008
-1.4546949863433838,-1.9390833377838135,-0.6202530860900879,-1.1948859691619873,-0.07075708359479904,-2.056595802307129,-0.6407454013824463,-1.2314448356628418,-2.2431671619415283,-0.4027794897556305
-0.13096632063388824,0.29795458912849426,-0.24383319914340973,0.11840219795703888,-0.43380194902420044,-0.5987972021102905,-0.254459947347641,0.12462903559207916,0.6543170213699341,-0.5509087443351746
-0.38684579730033875,-1.0131014585494995,0.36501049995422363,-0.07731642574071884,-0.8433250784873962,-0.584371030330658,0.33634382486343384,-0.3601030111312866,-1.2341506481170654,-0.055970948189496994
-1.8576862812042236,-1.5600444078445435,-2.2119638919830322,-0.6939408779144287,-0.5548253655433655,-1.464185357093811,-2.102334499359131,-2.0132880210876465,-1.8927297592163086,-1.8188178539276123
2.386124849319458,0.9962366223335266,1.6093549728393555,0.47837814688682556,2.321030855178833,-0.9717784523963928,1.8242712020874023,-0.6455824971199036,-0.48388004302978516,1.8756508827209473
-0.16534432768821716,1.0746382474899292,1.6080796718597412,-0.2937180697917938,0.9918846487998962,1.294198751449585,1.7880027294158936,0.36684566736221313,0.9689391255378723,-0.7927547693252563
-0.02809061110019684,-0.13147129118442535,-0.2870137095451355,-1.1368238925933838,0.009424957446753979,-0.6592609286308289,-0.27215099334716797,0.7327635884284973,0.35658925771713257,0.3637939691543579
1.5496456623077393,0.5868405699729919,0.06783533096313477,0.4820447266101837,0.5416308641433716,-0.44257137179374695,0.025387588888406754,0.7248640060424805,-1.137611985206604,2.273970603942871
0.9680401682853699,0.584045946598053,0.6808462738990784,0.21440839767456055,-0.11640474945306778,1.26310396194458,0.6606309413909912,0.1967519372701645,0.9345088005065918,-0.4333310127258301
0.7011128664016724,0.1303703933954239,0.57720947265625,-0.012043594382703304,-0.10478430241346359,0.6053372025489807,0.5649998188018799,1.1500895023345947,-0.015581044368445873,-1.020974040031433
-0.05307192727923393,0.3422568738460541,0.19359734654426575,0.24571771919727325,-0.21990929543972015,1.1600089073181152,0.21667076647281647,0.3564026951789856,0.504158616065979,0.7100834846496582
-1.6306757926940918,-0.9133340120315552,0.45190733671188354,-0.19802287220954895,1.284224033355713,-0.8884449005126953,0.44062870740890503,-0.4606027603149414,-2.122124671936035,0.1538340449333191
-0.45824190974235535,0.17382532358169556,0.2506934106349945,0.696812629699707,-1.4428540468215942,-0.6717769503593445,0.23431089520454407,-0.4652269184589386,0.2403012365102768,-2.0830342769622803
-1.006891131401062,-1.655275821685791,0.1772138476371765,-1.537232518196106,1.9109545946121216,-1.0290447473526,0.13855913281440735,-0.8561259508132935,-1.166613221168518,0.6285247802734375
-0.4208458960056305,-0.1000623032450676,-1.9950628280639648,-1.1135627031326294,0.06630943715572357,-0.9050979018211365,-1.9530298709869385,-0.6859963536262512,-0.3242799937725067,-1.1960114240646362
-0.09694124013185501,-1.3436304330825806,0.12323351949453354,-0.6216397881507874,-0.9222133159637451,0.9435827732086182,0.08344690501689911,-1.1389236450195312,0.9935728907585144,-0.7329223155975342
1.5235486030578613,0.3929976224899292,0.53780597448349,1.8367506265640259,-0.2293836921453476,1.2409510612487793,0.5418338775634766,0.8448828458786011,1.2221958637237549,1.0963549613952637
-0.2919115722179413,-0.4032915532588959,0.7950986623764038,-0.6368179321289062,0.9756969809532166,-1.7547353506088257,0.722909152507782,-0.2795369029045105,-1.3773797750473022,-0.2552880048751831
-0.4148998558521271,-0.9380399584770203,0.9538464546203613,-1.7034279108047485,0.20117202401161194,1.2815057039260864,0.942177414894104,0.6456074714660645,1.0973029136657715,-1.134684681892395
0.6108006834983826,-0.37348058819770813,-0.30092042684555054,-0.8961612582206726,0.6465753316879272,0.011274749413132668,-0.2951143980026245,-0.8776222467422485,0.5604720115661621,-0.2081509381532669
1.0967928171157837,1.7646564245224,1.4123188257217407,0.47120484709739685,-0.11290852725505829,1.370117425918579,1.2733925580978394,1.645922064781189,0.7174801826477051,0.6504292488098145
-0.9878512024879456,-0.9515969753265381,-0.9430322051048279,0.9265413880348206,-1.0557032823562622,-0.9008844494819641,-0.9470134973526001,0.24625323712825775,-1.103412389755249,-0.3888809084892273
1.5797827243804932,1.7522389888763428,0.9881836175918579,1.073185920715332,-0.4536610245704651,-0.112044557929039,0.9768407344818115,1.1668901443481445,-0.05164208263158798,1.6323020458221436
0.02002003975212574,-0.15629002451896667,0.3080885410308838,-0.18846839666366577,-0.2781047821044922,-0.8569415807723999,0.29935622215270996,-0.34477439522743225,0.24701924622058868,0.6051732301712036
-0.2713739275932312,-0.08051227033138275,-0.012601997703313828,-0.38131988048553467,-0.8195128440856934,-0.5851002335548401,-0.008053864352405071,-0.03294388949871063,-0.38645005226135254,0.7064701318740845
0.7027089595794678,-0.5232176184654236,0.1075444221496582,0.558601438999176,0.26325398683547974,1.2082691192626953,0.06344328820705414,0.23338738083839417,0.38791516423225403,-0.9033352732658386
0.3371730148792267,0.8232572674751282,1.5968432426452637,-0.4336508512496948,2.977292537689209,1.5860142707824707,1.7918734550476074,0.5223811864852905,0.12338182330131531,1.6761358976364136
1.6460251808166504,0.9788965582847595,1.1761596202850342,1.159790277481079,1.6190624237060547,0.07457970827817917,1.1415433883666992,0.9328612685203552,0.38411056995391846,2.1527929306030273
1.1596287488937378,0.5477790236473083,0.01783985085785389,0.8800268173217773,-0.5422497391700745,0.33269381523132324,0.01053326204419136,0.669296383857727,0.7008017301559448,0.4904478192329407
-1.204228162765503,-0.41530323028564453,-0.3706241250038147,-0.39996933937072754,-0.28535711765289307,0.213767409324646,-0.4044312834739685,-0.5765600204467773,-0.1842086911201477,-1.1846510171890259
-0.5918235778808594,0.31903964281082153,0.7051716446876526,-0.9720892906188965,-1.1501871347427368,-0.35394927859306335,0.6822798252105713,-0.4812800884246826,-0.39315783977508545,-0.9940663576126099
0.8950282335281372,0.9700695276260376,0.9064143896102905,0.3138504922389984,1.1066086292266846,2.160797357559204,0.8981789350509644,1.7577359676361084,0.7681742906570435,-0.3503040075302124
0.9582002758979797,1.0339430570602417,0.3682859539985657,0.9343172311782837,-0.6390314102172852,0.328019380569458,0.35762888193130493,0.9483827352523804,0.8417025208473206,-0.061933644115924835
0.7944096326828003,0.6823792457580566,-0.8181334733963013,0.7391652464866638,-0.685524046421051,0.6121178269386292,-0.8371003866195679,-0.2613545060157776,2.0360584259033203,0.5979124307632446
-0.03898343816399574,0.8040066361427307,0.9861440658569336,0.23368273675441742,-0.4550461173057556,-0.5577880144119263,1.020090103149414,1.3688782453536987,-0.029325027018785477,1.2458407878875732
1.6547108888626099,1.1666560173034668,0.8433640599250793,-0.3667970895767212,0.3528768718242645,1.4029079675674438,0.8518263101577759,0.16803045570850372,0.6183486580848694,-0.4422333538532257
-0.7838113307952881,-0.46555015444755554,0.5523084402084351,-0.7365168929100037,-0.7254197001457214,-0.24842655658721924,0.5161805152893066,-0.08580884337425232,-0.37987959384918213,0.18103548884391785
1.0813302993774414,0.5300769805908203,1.230316162109375,0.6664868593215942,-0.5251738429069519,1.5287548303604126,1.2118358612060547,1.5018507242202759,-0.254685640335083,0.4882475435733795
-0.39768776297569275,-0.3639621436595917,-1.4677016735076904,-1.1230909824371338,0.0715281069278717,-2.101046085357666,-1.4259798526763916,-1.3699356317520142,-1.041475772857666,-0.3556687831878662
0.7276531457901001,-0.7004469037055969,0.8636709451675415,-0.40169212222099304,1.157531976699829,0.10949587821960449,0.8169162273406982,0.31643253564834595,-2.198533535003662,0.570161759853363
-1.02781343460083,-0.9562814831733704,0.7850357294082642,-1.1128318309783936,0.005390924401581287,0.6289845705032349,0.7871766090393066,-0.7626383900642395,-0.33305123448371887,-1.4819884300231934
-1.2664724588394165,0.0006026832270435989,0.2536746561527252,-0.4841248393058777,-0.8880259990692139,-0.755908191204071,0.22214820981025696,-0.014513419009745121,-0.7041419744491577,-0.7084947228431702
-0.2959754765033722,-0.4588378965854645,0.2519218921661377,-0.5649226307868958,-0.464946985244751,-0.8142820596694946,0.23145067691802979,-1.07174813747406,-0.8271785974502563,-0.5881792306900024
0.29383954405784607,-0.8565208911895752,0.7862429618835449,-1.006219744682312,2.014394521713257,-0.8115369081497192,0.7688165903091431,0.23788204789161682,-1.3563659191131592,0.9318623542785645
-0.5331720113754272,-0.9719211459159851,-0.17807401716709137,-0.5441352725028992,-0.8478971123695374,0.1361885368824005,-0.21874794363975525,-0.08652322739362717,0.9303628206253052,-1.5112167596817017
-1.5246602296829224,-0.37236499786376953,0.26067617535591125,-0.8499563932418823,-0.48710790276527405,-0.8120083808898926,0.26502296328544617,-1.0061570405960083,-1.4958739280700684,-0.6020669937133789
0.29709315299987793,-1.0215835571289062,1.607885479927063,0.6394370198249817,0.21733222901821136,0.19662342965602875,1.7412784099578857,0.6070340275764465,0.049483317881822586,0.8476765155792236
1.8398702144622803,0.7102529406547546,0.6162211298942566,0.7079247832298279,-1.0585289001464844,0.6082667112350464,0.6382879614830017,0.7165688276290894,1.0200004577636719,2.206005096435547
1.3000649213790894,0.6358152031898499,-0.16045068204402924,0.6333796977996826,-0.23566733300685883,1.3642613887786865,-0.18579646944999695,0.7565645575523376,2.0383787155151367,-0.845572292804718
-1.6208523511886597,-1.1988046169281006,-0.0381147637963295,-1.6576924324035645,0.7033669948577881,-1.940885305404663,-0.04149207845330238,-0.3870992958545685,-1.588287115097046,-0.06868880987167358
0.578332781791687,-0.1990780532360077,-0.09392297267913818,0.08347868174314499,-0.1744779348373413,-0.09574535489082336,-0.09741201251745224,-0.0724044069647789,0.18908417224884033,-0.8443019986152649
-0.7521191239356995,-0.24169477820396423,0.18387316167354584,-0.9504847526550293,-0.9366546273231506,-1.483160138130188,0.15725086629390717,-0.4488247334957123,-0.10795315355062485,0.026145674288272858
-0.524610698223114,0.07387223094701767,-1.4783289432525635,-0.29678967595100403,-0.03249575197696686,-1.3915619850158691,-1.4612399339675903,-0.6893377304077148,0.036349937319755554,-0.6932130455970764
-0.4215024709701538,-0.5209792852401733,-0.16274015605449677,0.35656312108039856,0.5445094704627991,-0.23859182000160217,-0.16349133849143982,-0.19920994341373444,-0.4524592459201813,-0.5059701204299927
-1.4006861448287964,-1.4786183834075928,-1.8849027156829834,-0.9870721697807312,0.47527986764907837,-0.8548014163970947,-1.8713374137878418,-1.9297456741333008,-1.1394481658935547,-0.5408542156219482
-0.8436260223388672,-0.9941060543060303,-0.48558279871940613,-0.6295334100723267,-0.844482958316803,-0.0680757388472557,-0.47644034028053284,-0.464664489030838,-0.059555135667324066,0.051683083176612854
-2.1046645641326904,-1.6301023960113525,-1.1203022003173828,-1.2731417417526245,-0.9005494117736816,-1.2996997833251953,-1.1305478811264038,-1.3809813261032104,-1.2122993469238281,-1.4664908647537231
-1.2845536470413208,-1.2412395477294922,0.9178914427757263,-0.12047654390335083,0.9650309681892395,-0.33061856031417847,0.8812705278396606,-1.0507906675338745,-0.2046680748462677,0.062438447028398514
0.6536175012588501,0.41583606600761414,1.1243951320648193,0.7713043093681335,0.12873302400112152,0.16067758202552795,1.1192269325256348,0.7948076725006104,-0.9983957409858704,0.3101210594177246
1.1073977947235107,1.118760347366333,-1.8552005290985107,0.46394118666648865,-1.505476951599121,0.6274241209030151,-1.800886869430542,-0.879368782043457,1.9254941940307617,-0.6615522503852844
-0.6834154725074768,-0.9450721740722656,-0.3471372127532959,0.27045249938964844,0.3438912034034729,-0.41565045714378357,-0.3461006283760071,-0.09848619997501373,-0.4453384280204773,-1.308262586593628
-0.8472623229026794,0.03914482519030571,-0.10408858954906464,-0.7750270962715149,-0.8111644983291626,0.280688613653183,-0.0819423645734787,-0.4789201021194458,-0.9611669778823853,-0.004694870673120022
0.32658880949020386,0.5693956613540649,0.6908870339393616,0.09656970202922821,0.4911605715751648,-0.49174177646636963,0.6788032054901123,0.14730310440063477,-1.300680160522461,0.9459772109985352
0.9923663139343262,0.3462449312210083,-0.633493959903717,0.9413822889328003,-0.4282644987106323,0.5817066431045532,-0.6915677785873413,-0.704302966594696,1.104241967201233,-0.5337204337120056
0.15521936118602753,-0.18421846628189087,1.5776734352111816,0.6256207227706909,1.3032023906707764,-0.29143601655960083,1.4866740703582764,0.8745734095573425,0.06381343305110931,1.2547657489776611
0.941900372505188,0.5525469183921814,0.2978813350200653,-0.18278616666793823,-0.258028507232666,0.2847011685371399,0.2807791233062744,0.8920320868492126,0.7021678686141968,1.2303762435913086
0.1747664362192154,-0.12251124531030655,-0.22050592303276062,0.40312477946281433,0.21286824345588684,-0.41496264934539795,-0.2054804563522339,-0.12423276156187057,-0.11843906342983246,-0.4361249506473541
-0.31846883893013,-0.8585540652275085,-0.7524814605712891,-0.6034191250801086,-0.8108699321746826,-0.16709831357002258,-0.7896112203598022,-1.8521350622177124,-0.1320192515850067,-0.05278020724654198
1.1921523809432983,0.40076518058776855,-1.461245059967041,0.9496062994003296,-0.352632999420166,1.3328452110290527,-1.453122854232788,-0.21798306703567505,0.7708594799041748,-0.2515774369239807
-0.4001297056674957,-0.074041947722435,-0.3540090322494507,-0.3301500976085663,0.38011428713798523,-1.2540218830108643,-0.44538629055023193,-0.3397795855998993,0.2239636331796646,-1.0954898595809937
-0.17683227360248566,-0.49832814931869507,-1.6839265823364258,-0.7738058567047119,-0.7928911447525024,0.0032718477305024862,-1.6548149585723877,-0.504832923412323,-0.11259198188781738,-0.5891257524490356
-0.07198308408260345,-0.21073882281780243,0.6307459473609924,-0.7269671559333801,2.6486709117889404,0.827308177947998,0.6204954385757446,-0.3471526503562927,0.4754794239997864,-0.5527971982955933
-0.6642666459083557,-1.079033374786377,-2.1869194507598877,-0.188612699508667,-1.5381332635879517,0.20837704837322235,-2.0624430179595947,-0.8815228343009949,0.9187304973602295,-1.6165448427200317
1.0619231462478638,0.36439216136932373,0.5783131122589111,1.0460596084594727,0.2490413337945938,0.6171861290931702,0.5526705980300903,0.6093193292617798,-0.08526293933391571,0.8313483595848083
0.09931797534227371,-0.026876717805862427,-0.026430554687976837,0.2206333726644516,-1.0674631595611572,1.3112449645996094,-0.04961996525526047,0.7261791825294495,1.2184631824493408,0.05306948721408844
-0.5242881774902344,-0.9539114832878113,0.5485360622406006,-1.0316866636276245,-0.14064665138721466,-1.3064193725585938,0.4940062463283539,-0.644989550113678,-0.35926371812820435,0.83392333984375
-0.06175800785422325,-0.32090216875076294,-0.017163986340165138,0.5602274537086487,-0.232803076505661,0.7062839865684509,-0.031377386301755905,0.13226762413978577,0.40575844049453735,-1.4765968322753906
-0.4306079149246216,-0.9334186315536499,-1.4843690395355225,-1.224534273147583,0.0962512418627739,-1.4809291362762451,-1.517768144607544,-0.7553050518035889,-0.8689979314804077,-1.0833735466003418
-1.9709532260894775,-1.826686143875122,-2.2466845512390137,-1.967043399810791,-0.17324227094650269,-2.046455144882202,-2.134791851043701,-1.5467976331710815,-0.9704376459121704,-0.5801302790641785
1.186760425567627,1.2054049968719482,0.12750409543514252,-0.3758701980113983,0.37372058629989624,0.8515573143959045,0.1120251789689064,0.4525474011898041,0.3577418327331543,0.37614548206329346
-1.7018499374389648,-1.3204407691955566,0.8240556716918945,-0.33691078424453735,2.6338183879852295,-1.4578181505203247,0.8241633772850037,0.05046476051211357,-1.359433889389038,0.08908440172672272
0.5473965406417847,0.5548834800720215,-1.1718113422393799,0.847747802734375,-1.246739149093628,-0.7833528518676758,-1.1764367818832397,-0.4126411974430084,1.1800415515899658,-0.8846982717514038
-0.24622662365436554,-0.7734796404838562,-0.1341027319431305,-0.686416745185852,1.855707049369812,0.3683539927005768,-0.14858390390872955,-0.334512859582901,-0.7892269492149353,0.20994262397289276
1.3389391899108887,1.5765354633331299,1.5434406995773315,2.6330108642578125,1.2956057786941528,1.8224265575408936,1.5502766370773315,1.2782872915267944,0.3792785704135895,0.5272645950317383
2.356708526611328,1.478754997253418,0.9415761232376099,1.9894670248031616,2.7566301822662354,2.018925189971924,0.9648560285568237,2.216733455657959,1.1394686698913574,0.38378337025642395
1.580676794052124,1.4338319301605225,0.8607040047645569,2.2991690635681152,-0.8883888125419617,1.128170132637024,0.8591451644897461,2.038654327392578,1.7572470903396606,0.20911003649234772
0.3185451030731201,1.0844435691833496,-0.9414182901382446,1.793975830078125,-0.5292876362800598,0.40901991724967957,-0.9567933082580566,-1.0889184474945068,0.4143800139427185,-1.5210261344909668
-0.9431298971176147,-1.9710346460342407,-0.1755073070526123,-0.7034596800804138,1.588623046875,-0.7258427143096924,-0.18592792749404907,-0.33784347772598267,0.045192692428827286,0.2756340503692627
-0.6650385856628418,-0.1321566104888916,-1.7513210773468018,0.26985692977905273,-1.2412221431732178,0.9350073933601379,-1.7129287719726562,0.2941884994506836,0.6509860754013062,-0.21099650859832764
0.45562639832496643,-0.49619632959365845,-0.26615452766418457,-0.052295982837677,0.8321303725242615,0.3926723599433899,-0.2544572353363037,0.03805692493915558,0.7120876908302307,0.6236180663108826
-0.10169292986392975,-0.4633408188819885,0.16701248288154602,-1.025445580482483,0.5454163551330566,-0.27015921473503113,0.14972001314163208,-0.2790087163448334,-1.4848600625991821,0.8038142919540405
1.6035666465759277,0.22581776976585388,0.6666632294654846,1.6434041261672974,0.18526141345500946,0.458371102809906,0.6707462072372437,0.05426051467657089,0.704988956451416,1.5394563674926758
-0.09043168276548386,-0.7473163604736328,0.1755821704864502,0.3073706328868866,2.084702968597412,-1.2214100360870361,0.16279637813568115,-0.2300381362438202,-1.3674883842468262,-0.5524336099624634
-1.1023170948028564,-0.3190780580043793,0.8090731501579285,-0.8522067070007324,-0.08058372139930725,0.5532107949256897,0.8703163862228394,0.8857735395431519,0.3383554220199585,-0.201724573969841
0.34580376744270325,0.42114296555519104,-1.1471514701843262,0.09663183242082596,-0.33237171173095703,-0.8280029296875,-1.1413764953613281,-0.6777952909469604,-0.5301106572151184,-1.3336236476898193
-1.2524226903915405,-0.6431451439857483,-1.923797845840454,-0.7437756061553955,-0.9256311655044556,-0.2731497585773468,-1.873708724975586,0.03165806457400322,0.6003623604774475,-0.9408907294273376
1.1399165391921997,0.984735369682312,0.5955933928489685,0.9016890525817871,-0.9105790853500366,0.3146175444126129,0.5916672945022583,1.1563299894332886,0.7185932397842407,1.1505305767059326
-0.07025222480297089,-0.21300658583641052,-0.1872614026069641,0.1203446164727211,0.5140476226806641,0.23564153909683228,-0.1524657905101776,1.0987473726272583,-0.263297975063324,-0.5609354376792908
0.8225799202919006,1.267451524734497,0.929192304611206,0.710906445980072,0.03740173205733299,1.358018398284912,0.9204671382904053,0.7594393491744995,1.8414888381958008,2.2347207069396973
-0.008834616281092167,0.9476167559623718,0.04915563762187958,0.31042444705963135,-0.5968564748764038,1.8964699506759644,0.01293000765144825,0.15931767225265503,0.4467414915561676,-0.3587062954902649
0.22154061496257782,0.5042799115180969,0.05629684031009674,-0.36419421434402466,-0.3722635507583618,0.13119518756866455,0.019933050498366356,-1.2503947019577026,-0.022417258471250534,0.1745097041130066
1.3496391773223877,1.2676830291748047,-0.19387857615947723,1.3991334438323975,-0.10153849422931671,1.2943693399429321,-0.18150043487548828,1.3763926029205322,0.749252200126648,0.44475477933883667
-1.5590687990188599,-1.3630255460739136,-1.644653081893921,-1.3289730548858643,0.046933308243751526,-2.133831262588501,-1.6395463943481445,-1.7803902626037598,-0.001618723152205348,-0.2373039722442627
1.7418991327285767,1.4418530464172363,-0.24285098910331726,-0.010342615656554699,-0.48718488216400146,1.1121104955673218,-0.27773192524909973,0.19725769758224487,1.1209843158721924,-0.41362494230270386
-1.2161939144134521,-0.49633553624153137,0.04421520233154297,-1.2898463010787964,0.59554123878479,-1.5575109720230103,0.032867249101400375,-1.1862043142318726,-0.4931430220603943,0.3566020429134369
-1.0852433443069458,0.218424990773201,-0.055358923971652985,-0.8584551811218262,-0.22337892651557922,-0.025534629821777344,-0.07614660263061523,-0.6780380606651306,-1.1656715869903564,-1.0639925003051758
-0.020267290994524956,0.4451863169670105,-0.7635683417320251,-0.6763631105422974,-0.44736936688423157,-0.054714128375053406,-0.7977031469345093,-0.9400408864021301,-0.623590350151062,0.8708852529525757
1.94478440284729,0.667989194393158,0.5949845314025879,0.9815220236778259,-0.3269428014755249,1.5518102645874023,0.5797671675682068,1.9477465152740479,2.166293144226074,0.5082002282142639
1.2227262258529663,0.3529543876647949,0.7140784859657288,0.36883553862571716,-0.8565431237220764,0.35434454679489136,0.7097258567810059,1.5645289421081543,0.3140665888786316,0.6763820052146912
1.1716095209121704,0.5470011234283447,-0.48900383710861206,0.8686812520027161,-1.3672038316726685,0.08236953616142273,-0.4780959486961365,0.6853781938552856,1.6397064924240112,0.8533992767333984
0.2060616910457611,-0.06649387627840042,-0.020456381142139435,0.223277747631073,0.4852182865142822,-0.7004790306091309,-0.037002354860305786,0.49690213799476624,0.2361646592617035,1.2097632884979248
-0.675897479057312,-0.8071568012237549,-0.11543911695480347,-0.19600777328014374,-0.009443437680602074,-0.723382294178009,-0.0879497081041336,-0.3598598837852478,0.5131599307060242,-0.015542050823569298
-0.12759831547737122,-0.5552423000335693,-0.5392113924026489,-0.21252499520778656,0.6650126576423645,0.2792191207408905,-0.5554344654083252,0.27953213453292847,-0.12735313177108765,-0.05038706213235855
1.9091861248016357,0.05719318613409996,0.36529678106307983,-0.456097275018692,-1.4108655452728271,0.4411684274673462,0.35633617639541626,-0.4489448368549347,-1.0528161525726318,-0.5126150846481323
0.46676793694496155,-0.09713812172412872,-1.7127007246017456,-0.009212132543325424,-0.40464141964912415,-0.09488016366958618,-1.6784285306930542,-0.9940674901008606,1.0498194694519043,-1.4859039783477783
0.9708625078201294,1.9504690170288086,0.43603402376174927,0.6287376880645752,-0.4545605778694153,1.191110610961914,0.4471582770347595,1.2295020818710327,1.5155589580535889,1.99188232421875
-0.5417813062667847,-0.938762903213501,0.20830798149108887,0.07004983723163605,1.7860760688781738,-1.5068817138671875,0.20007869601249695,0.6877811551094055,-1.903952956199646,0.5344411730766296
0.5629927515983582,-0.2435952126979828,-1.1831769943237305,1.0503156185150146,-0.2307092696428299,-0.5336574912071228,-1.1982474327087402,0.9260204434394836,0.05069918558001518,-1.2829205989837646
-0.6576716899871826,-1.1589348316192627,-1.3065176010131836,-0.41127946972846985,-0.392267644405365,0.0021714670583605766,-1.290916085243225,-1.0316174030303955,-0.692237913608551,-1.3964712619781494
-1.1762114763259888,-1.2644153833389282,-0.25402623414993286,-1.1433353424072266,0.14219796657562256,-0.48456010222435,-0.2567864954471588,-0.29618990421295166,-0.21083581447601318,-1.7273073196411133
-0.27947232127189636,-0.4619293808937073,1.6069116592407227,-0.040128741413354874,2.598201274871826,-0.5465741157531738,1.8386759757995605,0.18991343677043915,-1.4024932384490967,0.20055577158927917
0.07486872375011444,-0.34284934401512146,0.19102884829044342,-0.9443078637123108,-0.10747351497411728,0.43189048767089844,0.17822565138339996,-0.5709419846534729,-0.29048025608062744,-0.08563714474439621
0.1382058709859848,0.07122762501239777,-2.4629361629486084,0.07007372379302979,-0.6822770237922668,-0.1943177729845047,-2.361072063446045,-0.6649720072746277,-0.21459850668907166,-1.6159453392028809
-0.44129183888435364,1.3018901348114014,0.585631251335144,0.8677080869674683,-0.5371741652488708,-0.34641602635383606,0.5405139923095703,0.5030627250671387,-0.4138885736465454,-0.5084253549575806
-0.4019644260406494,-0.34229493141174316,-0.2698887586593628,-0.0031922298949211836,-0.669447660446167,1.1725926399230957,-0.285544753074646,0.00014473433839157224,0.3578643500804901,-0.7874256372451782
-0.1705007404088974,-0.3569831848144531,-0.1830115020275116,0.6212019324302673,-0.1689097136259079,0.18399615585803986,-0.2190019190311432,-1.1605867147445679,-0.9907247424125671,-1.6850507259368896
-1.1312363147735596,-0.5523719787597656,0.5910695195198059,-0.6312444806098938,1.3273594379425049,-1.0502395629882812,0.5774897336959839,0.5236775279045105,-0.9456126689910889,-0.3349802792072296
-0.6622368097305298,0.5797239542007446,1.4791438579559326,1.0235087871551514,2.5086424350738525,0.11157621443271637,1.351615071296692,-0.8419992923736572,-1.190211534500122,0.8102892637252808
-0.48164165019989014,-0.8547573685646057,1.023280143737793,0.300858736038208,-0.6542208790779114,0.1192343682050705,1.0082273483276367,-0.026782577857375145,0.262748658657074,0.5525830984115601
1.0136970281600952,1.5603764057159424,1.486625075340271,1.1742067337036133,2.4135541915893555,1.2575759887695312,1.3733153343200684,1.508294939994812,1.1279141902923584,2.070272445678711
0.2193010002374649,0.4154875576496124,-0.14319220185279846,0.3120594024658203,-0.3877485990524292,-1.5303579568862915,-0.11887314915657043,0.21433357894420624,-0.46956655383110046,1.230155348777771
0.9758641123771667,-0.13151171803474426,0.6168980598449707,0.987744927406311,-0.5310145616531372,1.227730393409729,0.6089137196540833,1.3728684186935425,1.359325885772705,0.7876686453819275
-0.7876169085502625,-0.9245940446853638,0.7743351459503174,-0.9396798610687256,0.7502585053443909,-1.4146208763122559,0.7678455710411072,-0.5838382840156555,-0.6948278546333313,-0.28216657042503357
0.0855213925242424,0.41692882776260376,0.21728837490081787,0.6107044816017151,-0.16940169036388397,-0.6530171632766724,0.19313877820968628,0.14305953681468964,-0.6446095108985901,1.5068256855010986
0.4690648317337036,0.7766339778900146,1.5652598142623901,1.320526123046875,1.6770455837249756,1.0248067378997803,1.4287781715393066,1.0391032695770264,0.42572537064552307,-0.48304036259651184
0.10993477702140808,0.35783907771110535,-1.0714963674545288,-0.1767960786819458,-0.09808575361967087,-0.3320378065109253,-1.0878193378448486,0.2120690941810608,0.07701142132282257,0.15614429116249084
0.6580241918563843,0.9079622030258179,1.0103940963745117,0.9142935872077942,-0.3867616653442383,1.2645330429077148,1.0075945854187012,1.2984412908554077,0.30329906940460205,1.7094939947128296
-0.9352160692214966,0.03141370788216591,1.598912000656128,0.5004285573959351,2.6953225135803223,-0.5576440691947937,1.7132701873779297,1.5214804410934448,0.19005239009857178,0.3628973662853241
1.837863564491272,1.355654239654541,-0.11219596862792969,0.8695447444915771,-0.9736270904541016,0.10766242444515228,-0.09707169979810715,0.06146584451198578,-0.12224097549915314,1.8782111406326294
-0.2770547568798065,-0.4645553529262543,-0.0029629061464220285,-0.6548827886581421,0.08819324523210526,0.5277548432350159,0.009926642291247845,0.7744133472442627,0.2354537546634674,-0.2258719801902771
0.7436822056770325,0.32025548815727234,1.5012338161468506,1.1489406824111938,-0.00814470462501049,0.5175515413284302,1.378355860710144,1.5688905715942383,0.16300086677074432,1.101075291633606
-0.8401546478271484,-0.17124661803245544,-1.7179008722305298,-1.2663975954055786,-0.38762298226356506,-1.4033387899398804,-1.6873435974121094,-1.583407998085022,-0.11274881660938263,-1.388744592666626
-1.403908371925354,-1.5125147104263306,-0.17604950070381165,-1.4280327558517456,-0.46146905422210693,-1.4266860485076904,-0.1473958045244217,-1.4038264751434326,-1.0948847532272339,-0.5460658073425293
-1.4281725883483887,-1.291184902191162,-2.0529661178588867,-0.5694020986557007,0.21905076503753662,-1.198566198348999,-2.030602216720581,-1.809282898902893,-1.1424200534820557,-0.5623454451560974
0.9403871297836304,-0.10617426782846451,1.5497524738311768,1.229300856590271,-1.4685591459274292,1.6496559381484985,1.4549617767333984,1.3440053462982178,1.794900894165039,-0.418974369764328
2.4434614181518555,1.1619539260864258,1.6082261800765991,0.48140543699264526,2.8034372329711914,0.5463095307350159,1.6343063116073608,2.18363881111145,0.8865508437156677,2.101497173309326
-0.040852438658475876,0.6895171403884888,1.4802193641662598,0.4976901412010193,2.1788980960845947,0.7316755652427673,1.3670899868011475,1.8912075757980347,1.6960456371307373,-0.23790302872657776
1.085459589958191,0.0850583091378212,0.21653488278388977,-0.028196973726153374,-0.1451948881149292,0.30978530645370483,0.2027609944343567,-0.824455976486206,1.239922285079956,1.0436407327651978
-0.1051124706864357,-1.0851526260375977,0.05783867835998535,-0.79506915807724,1.626508355140686,-0.5158441662788391,0.0445600301027298,0.017370019108057022,-0.7672914862632751,0.5005671381950378
1.0266485214233398,0.9383657574653625,1.5955815315246582,1.534777045249939,-0.7255229949951172,1.4313453435897827,1.5512418746948242,1.5060428380966187,0.2942194938659668,0.416393518447876
-0.4016362428665161,-0.30606406927108765,-2.1230976581573486,-1.0890936851501465,0.18465328216552734,-0.6584310531616211,-2.0136635303497314,-0.46369707584381104,-1.115617036819458,-1.5108803510665894
0.8007194995880127,1.1802808046340942,1.4166585206985474,0.9899744987487793,-0.4377950429916382,0.9984079599380493,1.286423921585083,1.591864824295044,0.7089301347732544,1.955479383468628
-2.0304477214813232,-1.5358301401138306,-1.6284769773483276,-1.3779644966125488,-0.3726191818714142,-1.621896505355835,-1.6244642734527588,-1.5347555875778198,-0.6170530915260315,-0.31287726759910583
-0.05480560287833214,-0.06477123498916626,0.2786330580711365,-0.40638619661331177,-0.5659120678901672,-0.2046281099319458,0.24318714439868927,0.46415528655052185,-0.478458046913147,0.6015433073043823
-1.638167142868042,-1.1005350351333618,-1.9600067138671875,-1.8110016584396362,-0.43237465620040894,-1.9811317920684814,-1.922855257987976,-1.456550121307373,-0.16806423664093018,-1.6017340421676636
1.694389820098877,0.7408522367477417,0.6069419384002686,0.6680751442909241,-1.1713714599609375,2.413259506225586,0.6397356986999512,0.8150472044944763,1.7861542701721191,2.281538963317871
1.2307240962982178,1.5260412693023682,0.0031638534273952246,0.7824443578720093,-0.21747863292694092,0.3056598901748657,0.0062593258917331696,0.9461114406585693,0.8477015495300293,1.7487804889678955
2.4804673194885254,2.4024081230163574,1.5171935558319092,0.5376949906349182,0.8132545948028564,1.1331477165222168,1.310287356376648,0.6715335249900818,-0.1291719675064087,0.23808926343917847
-1.3636536598205566,-1.7887400388717651,0.2757013440132141,-1.3920867443084717,0.8286107778549194,-0.5217409729957581,0.22630681097507477,-1.734768033027649,-0.5798428058624268,0.31896546483039856
1.936024785041809,0.9075931906700134,1.0943210124969482,1.5356533527374268,-0.4788554310798645,0.6644812822341919,1.1022942066192627,1.035180926322937,0.4311279058456421,2.02132248878479
1.4870799779891968,0.760118305683136,-0.0038250808138400316,0.9679135680198669,-0.10615876317024231,0.15571124851703644,-0.009949782863259315,1.8306293487548828,-0.22800970077514648,1.8295689821243286
0.9330069422721863,1.586203694343567,0.6766526699066162,1.2578967809677124,-0.37490367889404297,1.8287484645843506,0.6729781031608582,1.5938230752944946,0.7968999743461609,-0.696326494216919
-1.3310850858688354,-0.9430714845657349,-0.4347686767578125,-1.5189437866210938,0.05075886845588684,-0.38951367139816284,-0.44106975197792053,-0.5777084827423096,-1.0596795082092285,0.5724498629570007
-0.8280322551727295,-1.1310629844665527,0.564415693283081,0.8949195146560669,1.4911653995513916,-0.25882774591445923,0.560569703578949,0.7352268695831299,-0.7373756170272827,0.6001728773117065
0.3131023943424225,0.45924022793769836,-0.5942305326461792,0.5584321022033691,-0.3890485465526581,0.4130694568157196,-0.6145473718643188,0.2358720898628235,1.0975630283355713,0.7107133865356445
-0.2411320060491562,-0.3007868230342865,0.25905171036720276,0.09607380628585815,-0.7562741637229919,-1.1079272031784058,0.23862330615520477,0.1826406717300415,-0.550961971282959,-0.7724919319152832
-0.7900568246841431,-0.3871621787548065,1.2212510108947754,-1.093767762184143,2.2477285861968994,-0.652661144733429,1.1614561080932617,0.857375979423523,-0.6290106773376465,-1.1569865942001343
0.09568913280963898,-0.009637247771024704,1.0049575567245483,0.2791082561016083,1.2800557613372803,-0.20920050144195557,0.9949674606323242,-0.17529451847076416,0.027054835110902786,-0.10105209797620773
-0.17446893453598022,0.016498835757374763,-0.4964279532432556,-0.09695684909820557,-0.06056337058544159,-0.3014616370201111,-0.4711567759513855,-0.9086434841156006,1.1223125457763672,1.158204436302185
0.7725700736045837,2.247134208679199,1.5912302732467651,1.8758238554000854,1.9389640092849731,1.6870516538619995,1.5784885883331299,1.8522238731384277,1.138004183769226,-0.2934989929199219
1.6719074249267578,2.11962890625,1.6135993003845215,0.664018452167511,2.386850357055664,1.2954314947128296,1.888700008392334,1.2112362384796143,1.403296709060669,0.7089978456497192
0.2243487536907196,-0.4691571295261383,0.7957179546356201,-0.5008606314659119,1.1275933980941772,0.27099424600601196,0.7912262678146362,1.6215771436691284,0.1778741329908371,-0.6048346757888794
-1.6269325017929077,-2.211745262145996,-0.9192498922348022,-1.7075600624084473,-0.46946460008621216,-2.0860795974731445,-0.967038631439209,-1.4759025573730469,-1.1230583190917969,0.15570321679115295
1.4506670236587524,1.507601022720337,0.7782402038574219,-0.5159950256347656,-0.8201032280921936,1.7221534252166748,0.7392229437828064,0.1965106874704361,1.3569934368133545,-1.2311058044433594
-0.5478123426437378,-0.42850035429000854,-0.766154944896698,-0.3822239637374878,-0.25738945603370667,0.10888558626174927,-0.7748118042945862,-0.8642505407333374,1.3614599704742432,-0.9337075352668762
-0.5736162066459656,-1.7487897872924805,0.881600022315979,-0.32572275400161743,1.1159818172454834,0.16240736842155457,0.8582792282104492,0.23770540952682495,0.01274800207465887,0.3715839385986328
0.5701371431350708,-0.5085164904594421,0.6804748177528381,0.09051947295665741,1.6185626983642578,0.2575625777244568,0.6949100494384766,0.21388393640518188,0.07383663207292557,0.6020669937133789
0.41404375433921814,-0.05437158793210983,0.8018287420272827,0.6829764246940613,2.0883238315582275,0.6384644508361816,0.8180401921272278,0.8249646425247192,0.9598373174667358,1.1018178462982178
-1.3627079725265503,-0.1006966084241867,0.623123824596405,-0.8097023963928223,-0.40201669931411743,-0.2443077713251114,0.5962420701980591,0.45088860392570496,0.21815244853496552,-0.43658626079559326
-0.06791945546865463,-1.0445528030395508,0.9151332378387451,-0.20223207771778107,-0.38150694966316223,-0.9363507628440857,0.8773778080940247,-1.3796584606170654,-0.9199709892272949,-1.594441533088684
1.716446876525879,0.8563254475593567,0.4964209794998169,1.0452346801757812,1.847166895866394,1.4056487083435059,0.5117357969284058,1.1401450634002686,0.4158428907394409,-0.8442831039428711
0.05084104835987091,-0.7698487639427185,0.8845018148422241,-0.6147148013114929,-0.8417696356773376,-0.684219479560852,0.8834120035171509,0.16479556262493134,-0.44870150089263916,-0.32801851630210876
-0.7025783658027649,-0.3951931893825531,0.18285581469535828,-1.1187289953231812,-0.8742266893386841,-0.14393752813339233,0.12690797448158264,-1.5745244026184082,-0.6486802101135254,-0.09280295670032501
0.4652484655380249,0.3118896484375,1.1342475414276123,0.3411100208759308,-1.133914589881897,0.10872768610715866,1.134184718132019,1.4905462265014648,-0.5638347864151001,-0.9669456481933594
-0.16089902818202972,0.37958618998527527,-1.9888114929199219,-0.7100159525871277,-1.4490406513214111,0.22838902473449707,-1.9665154218673706,-0.5819367170333862,-0.973780632019043,-1.5901706218719482
-0.18835557997226715,-0.30333828926086426,-1.6354424953460693,-0.4596380293369293,-0.9810771346092224,-0.45577704906463623,-1.6066005229949951,-0.6030542254447937,-0.45230966806411743,-1.1330204010009766
1.1771403551101685,1.8518571853637695,0.7424439191818237,1.515275478363037,-0.6477863788604736,0.8148213624954224,0.7485066652297974,1.0984221696853638,0.9374608993530273,0.846082866191864
-1.5113525390625,-0.3610610067844391,-1.9239416122436523,-1.860370397567749,0.48569583892822266,-1.452999472618103,-1.8675353527069092,-1.130114197731018,-0.3057360351085663,-1.5357474088668823
-1.0716891288757324,-1.9378389120101929,-0.978480339050293,-1.055964708328247,0.7883408069610596,-1.5516997575759888,-0.9733368158340454,-0.7064827680587769,-1.3326501846313477,0.0780642032623291
0.5521621704101562,0.6512051820755005,-0.7423922419548035,1.6283833980560303,0.2672315239906311,1.7029544115066528,-0.7388906478881836,0.8775996565818787,1.2891582250595093,-0.5404455065727234
0.07379224896430969,-0.40611734986305237,0.7355186939239502,0.9280830025672913,0.7929335832595825,0.3014625608921051,0.7506693601608276,0.027020933106541634,0.036126505583524704,-0.04896552860736847
1.5434995889663696,1.0508922338485718,1.55291748046875,2.2839643955230713,0.806244432926178,0.9867954254150391,1.4409823417663574,1.3921277523040771,1.5869567394256592,2.081234931945801
-0.3986426889896393,-0.8266699910163879,-1.4278833866119385,0.18966041505336761,-0.42101186513900757,-1.3552095890045166,-1.4158780574798584,-1.2240835428237915,-0.9634910225868225,-1.0124711990356445
1.9892667531967163,2.093590497970581,0.935549259185791,1.7385246753692627,-0.6146183013916016,1.137243390083313,0.9111946821212769,1.4369239807128906,0.9856413006782532,-0.1940101981163025
-0.7920454740524292,0.29438114166259766,-1.6808069944381714,0.6872828006744385,-0.9606133699417114,-0.6945788860321045,-1.7051433324813843,0.03971776366233826,0.04239500313997269,0.20274394750595093
-1.1882247924804688,-0.2807399332523346,0.26116377115249634,0.1930627077817917,-0.3272372782230377,0.31609979271888733,0.2336021065711975,-0.4288148880004883,0.02091926336288452,-0.47144460678100586
-0.6450966596603394,0.9993847608566284,0.17868676781654358,-0.004103923216462135,0.259196937084198,0.1301421821117401,0.1529218554496765,0.6084261536598206,0.031327683478593826,-0.8846902251243591
1.2090325355529785,1.1500624418258667,0.2732839286327362,0.7672078013420105,-0.21188679337501526,0.4662362039089203,0.2771826386451721,0.6139082312583923,0.5986114740371704,-0.2531942129135132
1.388973593711853,0.8010044097900391,0.25294068455696106,0.9772031307220459,-1.3338217735290527,0.8349312543869019,0.2333100438117981,0.7308762669563293,1.831235408782959,0.9694443345069885
-1.1869786977767944,-0.5574438571929932,-1.4900745153427124,-0.25215214490890503,-0.9953409433364868,-0.5234039425849915,-1.516798973083496,-1.2624768018722534,-0.483059823513031,-1.618865966796875
0.4344898462295532,-0.527868926525116,1.254408359527588,-0.22890162467956543,0.1926451474428177,0.0342431515455246,1.1803454160690308,1.331731915473938,-0.416389137506485,1.1382994651794434
-0.5152191519737244,-0.7684648036956787,0.348808616399765,-0.9576510787010193,0.10016342997550964,0.06023344770073891,0.3342975378036499,-0.32646825909614563,-0.30339694023132324,1.0426373481750488
0.9287315011024475,1.9184763431549072,0.607185959815979,0.6832325458526611,-0.3845522403717041,0.39359739422798157,0.6154757738113403,-0.22045521438121796,1.2402502298355103,1.8524045944213867
0.884843647480011,1.9108902215957642,0.6993387937545776,2.0833492279052734,-0.5006205439567566,0.3372647166252136,0.6802307963371277,1.2206072807312012,0.006546905264258385,1.919562816619873
-1.4925588369369507,-2.2100136280059814,-0.00861022062599659,-1.2737878561019897,-0.2314179539680481,-1.8372231721878052,-0.00762981828302145,-0.7857158184051514,-0.25938546657562256,-0.12090767920017242
-1.0810726881027222,-0.005172485485672951,0.1584894210100174,-0.13498856127262115,0.2834666967391968,-0.35914346575737,0.11677403748035431,-1.2578893899917603,-0.1752690076828003,-0.7207430601119995
2.1298718452453613,2.367363214492798,0.6083173751831055,1.8224893808364868,1.8591029644012451,2.324615955352783,0.6285126209259033,2.5487823486328125,1.8869487047195435,0.6779029965400696
0.07349828630685806,-0.24016213417053223,0.4074942171573639,0.8474469184875488,2.098041296005249,0.44718092679977417,0.4051533341407776,-0.8270885944366455,-0.5414823293685913,0.23609206080436707
-1.4522205591201782,-1.628464937210083,-0.907309353351593,-1.1183462142944336,-1.147592544555664,-0.5548028945922852,-0.9132881760597229,-1.888534665107727,-1.0001802444458008,0.21365919709205627
0.6316248178482056,0.5194855332374573,1.3271543979644775,0.21215364336967468,0.4297499358654022,1.32029128074646,1.2845592498779297,-0.06436468660831451,0.989229142665863,-0.7885996699333191
1.6779814958572388,1.3862323760986328,1.4346026182174683,2.4136106967926025,-0.053670309484004974,1.1188849210739136,1.3235514163970947,1.3978267908096313,1.646934151649475,2.401341676712036
1.3631898164749146,0.9565302729606628,0.541134238243103,1.7965575456619263,-0.402005136013031,0.7657922506332397,0.5430634021759033,1.3651736974716187,0.7907456159591675,0.6546797752380371
0.7458544969558716,0.399771124124527,0.272178590297699,1.122330904006958,0.14802902936935425,-0.02433386631309986,0.28586655855178833,0.18499886989593506,0.35938018560409546,-0.7314684987068176
-1.4506356716156006,-0.5690064430236816,-1.523593783378601,0.22804556787014008,-0.5090554356575012,-0.37804609537124634,-1.5205504894256592,-0.4298643469810486,-0.11162425577640533,-1.4591560363769531
-0.03292039781808853,1.4251792430877686,1.496200680732727,-0.039213307201862335,1.4680087566375732,2.2195801734924316,1.414635181427002,1.6625210046768188,1.671238660812378,-1.2021363973617554
-0.7282806634902954,-0.8126475214958191,-0.7318007946014404,0.22982048988342285,0.5343058705329895,0.824266791343689,-0.758826732635498,-0.574601948261261,0.43065956234931946,-0.9704142212867737
-0.2589227855205536,0.9512906670570374,0.956129252910614,1.4764245748519897,-0.9334548711776733,0.5568801760673523,0.94805508852005,2.5628855228424072,-0.10409434139728546,0.800747811794281
-1.7875399589538574,-0.36511749029159546,-0.2899763584136963,-0.4482004642486572,-0.6373298168182373,-0.6350451111793518,-0.345345675945282,-0.8240125179290771,0.13139688968658447,-1.3909623622894287
0.056295424699783325,0.6819096207618713,1.21851646900177,-0.48586365580558777,1.6360188722610474,-0.40004631876945496,1.157400369644165,0.6413244605064392,-0.2901589274406433,-0.05000423267483711
1.4117919206619263,1.2733705043792725,1.3521428108215332,1.4012384414672852,2.324087619781494,1.39590585231781,1.2437288761138916,1.5967416763305664,1.2379345893859863,0.004171062260866165
0.7319650650024414,0.7506613731384277,0.8757438659667969,1.202769160270691,0.7277392745018005,1.5188204050064087,0.9120858907699585,0.5548475980758667,1.1367485523223877,-0.1484334021806717
-1.7659587860107422,-1.006775140762329,-0.4093029797077179,-1.3104051351547241,-0.3816801607608795,-1.693363904953003,-0.44768571853637695,-0.38129082322120667,-1.0945796966552734,-0.3375984728336334
0.24099241197109222,-0.2021181285381317,0.5480116009712219,-0.07424547523260117,1.349961519241333,0.990105390548706,0.5348539352416992,0.673038125038147,-0.29900050163269043,0.8704950213432312
-0.7468767762184143,-0.30652734637260437,0.5557759404182434,-1.029236078262329,1.8718868494033813,-0.25790083408355713,0.540465772151947,0.020297821611166,0.17857733368873596,0.5951921939849854
0.1725015938282013,-0.3448159694671631,-0.5400703549385071,0.49989816546440125,0.5276522636413574,0.45874732732772827,-0.5295345783233643,1.531760811805725,0.03878664970397949,-0.25362566113471985
0.36837542057037354,0.31106388568878174,0.42142075300216675,1.3420138359069824,-1.3563358783721924,-0.5474010705947876,0.40555500984191895,0.14992409944534302,0.0418657585978508,0.021366160362958908
1.476473093032837,0.839695930480957,1.289498209953308,1.4516000747680664,0.4139888286590576,1.2541242837905884,1.243563175201416,0.9101263284683228,-0.0772305577993393,2.411733865737915
1.1233655214309692,1.5198215246200562,1.1252373456954956,1.715402603149414,-0.6711316108703613,0.15790945291519165,1.1207401752471924,0.04408104717731476,0.0763508677482605,1.4867727756500244
0.2220461517572403,0.3176056742668152,0.3447509706020355,1.35689115524292,1.506163239479065,1.1467900276184082,0.33702462911605835,0.42708367109298706,1.0271258354187012,-0.4030761122703552
1.028241753578186,1.175469160079956,1.6219253540039062,0.909935712814331,0.07122060656547546,0.5614525675773621,1.9931867122650146,1.7123514413833618,-0.13731622695922852,1.6799125671386719
0.8730855584144592,0.5934929251670837,-0.9365803599357605,0.9893229007720947,-0.8202990889549255,-1.0745540857315063,-0.9426202178001404,-0.4001736640930176,0.06788981705904007,0.4400915801525116
-2.07586932182312,-1.646262288093567,-1.9201316833496094,-1.1839795112609863,-1.1399447917938232,-0.1341520994901657,-1.8883123397827148,-1.8195797204971313,-0.2162064015865326,-1.6138160228729248
1.7423685789108276,0.8992485404014587,0.47481295466423035,1.5033327341079712,-0.4502390921115875,0.8310523629188538,0.47942787408828735,1.5816752910614014,1.456031322479248,0.4213237464427948
1.306280255317688,0.5261850357055664,0.45718955993652344,1.7139924764633179,0.42962267994880676,0.998893141746521,0.46003440022468567,0.11919910460710526,1.8135528564453125,0.6356863975524902
-0.22393283247947693,0.2024126499891281,-2.257068634033203,-0.5677153468132019,-0.1546897292137146,-0.07376047223806381,-2.127155303955078,-1.3942413330078125,1.5528993606567383,-0.8378547430038452
-0.13829737901687622,0.35486215353012085,-1.4748947620391846,-0.34057098627090454,-0.5500704646110535,0.6815640330314636,-1.4812806844711304,-0.4725720286369324,1.3443299531936646,-1.309767484664917
-0.2093387097120285,-0.14400379359722137,-0.030521951615810394,0.03424948826432228,0.10844428837299347,0.7677397131919861,-0.07517771422863007,-0.9857490062713623,-1.604552149772644,-0.03553153574466705
-0.8502780795097351,-1.4844131469726562,-0.18396085500717163,-1.511932373046875,0.03229428082704544,-1.6486709117889404,-0.17950914800167084,-1.1680201292037964,-0.9362155199050903,0.06271708011627197
0.37658774852752686,0.21395035088062286,-0.8622000813484192,1.6018146276474,0.26594287157058716,0.7055163979530334,-0.8917239904403687,0.6305299401283264,0.0746605396270752,-1.2821996212005615
-1.2590457201004028,-1.4366843700408936,-1.3568578958511353,-1.7167763710021973,-1.5401530265808105,-1.8218791484832764,-1.3669449090957642,-0.6573657989501953,-1.6589967012405396,-0.5686500072479248
0.263327956199646,-0.24059967696666718,-2.072143793106079,0.609528660774231,-1.4273697137832642,-0.5559518337249756,-2.0018303394317627,-0.7730430960655212,1.470872402191162,-1.1974947452545166
2.104696750640869,2.4257452487945557,0.718290388584137,2.66910457611084,1.8982391357421875,1.762937307357788,0.7124831676483154,1.8158725500106812,1.5793495178222656,0.9550748467445374
-1.3149417638778687,-1.1621809005737305,-1.7653477191925049,-1.201493263244629,0.23018893599510193,-1.0748931169509888,-1.764143943786621,-1.2719206809997559,-0.09369103610515594,-1.322660207748413
-1.368665337562561,-1.548060655593872,-0.5042399168014526,-0.8505801558494568,-0.2869963049888611,-0.8714879155158997,-0.501646876335144,-1.0505733489990234,-0.4154031276702881,0.5416141748428345
-0.9120283722877502,0.12189002335071564,0.08557017147541046,0.026991315186023712,-0.8329511880874634,-0.3520050048828125,0.07789012044668198,-0.40792474150657654,-1.6353198289871216,0.9853549003601074
0.9462426900863647,0.05029011517763138,0.06458234786987305,-0.18062572181224823,0.5004017949104309,-0.18534287810325623,0.04928644746541977,1.4183900356292725,0.13725852966308594,1.448864459991455
-0.7208556532859802,0.16770455241203308,-0.2099882960319519,-1.1092363595962524,0.028386319056153297,-0.9667971134185791,-0.2327088713645935,-0.22234871983528137,-0.3778611421585083,0.2775869369506836
1.1332392692565918,0.7260194420814514,-0.18529067933559418,1.1475447416305542,-0.05525108799338341,1.0897959470748901,-0.20417563617229462,0.2269095480442047,1.4590890407562256,-0.0760820135474205
-1.448533058166504,-0.3446727395057678,-1.5640058517456055,-0.6947189569473267,-0.9964209794998169,-1.6471984386444092,-1.5311386585235596,-1.0642808675765991,-0.793938159942627,-1.376634120941162
-1.5544339418411255,-1.3756595849990845,-1.0978615283966064,-1.7918750047683716,-0.48354536294937134,0.25193437933921814,-1.1685471534729004,-1.6045598983764648,-0.5392864942550659,0.0740954577922821
-0.9551568031311035,-0.010561238043010235,-1.130350112915039,-0.25767630338668823,0.08243900537490845,-0.4927149713039398,-1.147416114807129,-0.9296628832817078,-0.41418325901031494,0.18004877865314484
0.3230181038379669,-0.03273814544081688,-1.380237340927124,-0.8672453165054321,-0.3513692319393158,0.10710881650447845,-1.3949202299118042,-0.08550692349672318,0.799473762512207,-1.2418382167816162
0.7691062688827515,0.010840707458555698,1.2993619441986084,0.8748512864112854,2.3475043773651123,0.2887625992298126,1.2093958854675293,0.6220649480819702,-0.37372228503227234,0.41786161065101624
-0.9185171127319336,-1.4791418313980103,-0.7970736026763916,-1.535363793373108,-0.9492164850234985,-1.5666067600250244,-0.7592829465866089,-0.1509849727153778,-1.3894439935684204,-0.5096451640129089
0.5344702005386353,0.5137407779693604,-1.691666603088379,0.444854199886322,-0.7192513942718506,1.3855780363082886,-1.683581829071045,0.13257208466529846,0.5763883590698242,-1.3184813261032104
1.0209749937057495,1.4520924091339111,1.6105296611785889,0.5040724277496338,1.6332066059112549,0.6768966317176819,1.6681798696517944,0.3727012872695923,0.20116664469242096,1.0007455348968506
-0.27246418595314026,-0.38281577825546265,0.6462979912757874,-0.10963790863752365,1.9631524085998535,-0.16591483354568481,0.6468795537948608,0.005024767480790615,-0.517076313495636,0.5297985672950745
0.4780130386352539,1.2208752632141113,0.3823966979980469,-0.4519970417022705,0.11757048219442368,0.8354126214981079,0.37217602133750916,0.7355453968048096,0.46743273735046387,0.6051178574562073
0.4479696750640869,0.7551676034927368,0.9061548113822937,1.220009207725525,2.202632188796997,0.8103377223014832,0.9138355851173401,0.9356660842895508,1.0666611194610596,-1.080629587173462
0.41575562953948975,-0.5749673247337341,0.8449996709823608,0.8039712905883789,-1.4667445421218872,-0.05272940173745155,0.8341464996337891,0.3158796727657318,-1.1094884872436523,0.8812117576599121
-0.25402024388313293,-1.4044867753982544,0.6952927112579346,-0.746359646320343,1.326537013053894,-0.2587893307209015,0.6917750835418701,0.38168516755104065,0.5869280099868774,0.8520305752754211
1.1503218412399292,1.9449684619903564,0.7783148288726807,0.4689147472381592,-0.17232051491737366,1.2470271587371826,0.7995326519012451,1.636879324913025,0.9332234263420105,-0.26040980219841003
0.07485969364643097,1.0084824562072754,1.4884170293807983,-0.3182826638221741,-0.9240415692329407,-0.6120777130126953,1.3854422569274902,0.49963170289993286,-0.6073783040046692,2.2401340007781982
-0.07376324385404587,0.7407732009887695,-0.5349783897399902,-0.6129361987113953,-0.1018872782588005,0.46278345584869385,-0.5895294547080994,0.6011411547660828,-0.3037055730819702,-1.158190369606018
0.7991152405738831,-0.8457254767417908,0.5885913372039795,0.5976470708847046,-0.07347437739372253,0.9801965951919556,0.6004878282546997,-0.26925402879714966,0.09259405732154846,-0.33489808440208435
0.11910703033208847,-0.9673534035682678,-1.2347670793533325,0.13417381048202515,-0.5719666481018066,-0.01456149946898222,-1.2351603507995605,-0.873733401298523,-0.6418948769569397,0.1088763028383255
0.06588798016309738,-0.2979849874973297,-1.7406151294708252,-0.5353169441223145,-1.034419298171997,-0.4629100561141968,-1.7102925777435303,-0.8426748514175415,-0.5266762971878052,-1.4566000699996948
0.9920644164085388,-0.7314965724945068,-0.192843496799469,1.3923630714416504,0.30999404191970825,-0.36581194400787354,-0.18813449144363403,0.07186417281627655,0.640960693359375,0.8367881774902344
0.11919260025024414,0.4636319577693939,-1.8554590940475464,-0.3324245810508728,-0.35922127962112427,0.42945635318756104,-1.776601791381836,0.8866857886314392,1.5194884538650513,-0.4912640154361725
-1.835494041442871,-1.207550048828125,-0.6086676120758057,-1.0265170335769653,-0.9145073890686035,-0.8858642578125,-0.6371546983718872,-0.7318472862243652,-0.41269123554229736,-1.1688164472579956
-1.2918726205825806,-0.8293048739433289,-1.9598028659820557,-0.9362195730209351,-0.06195531040430069,-1.8191295862197876,-1.9396514892578125,-1.5729540586471558,-1.5311470031738281,-0.8974034190177917
-0.2178410142660141,-1.2516852617263794,-1.033078670501709,-0.47598403692245483,-0.8844485878944397,-0.642173171043396,-0.9828164577484131,0.2201443314552307,1.0633597373962402,-0.032976094633340836
-0.537499725818634,0.09522458910942078,0.16559037566184998,0.6953277587890625,-0.6144155263900757,-0.5165843963623047,0.14006634056568146,0.635962724685669,-0.27715176343917847,-0.2855297029018402
-0.7067217826843262,-1.3843861818313599,-0.264745831489563,-1.2027486562728882,0.3497624099254608,-0.9841068983078003,-0.2606663107872009,-0.37221062183380127,-1.1040525436401367,-0.03699934110045433
0.7903109192848206,0.6003240346908569,0.845291018486023,-0.40599995851516724,0.9517243504524231,0.27510085701942444,0.8367958068847656,0.05355508625507355,-0.21818843483924866,0.7608734369277954
0.9974181056022644,2.3987653255462646,0.36839795112609863,1.1704180240631104,0.07719267159700394,1.1916017532348633,0.3565092086791992,1.1966183185577393,0.5428674817085266,-0.5256495475769043
0.3738623559474945,1.3331248760223389,0.5803694128990173,1.2847687005996704,-0.30702903866767883,0.07734845578670502,0.5768879652023315,0.8223865628242493,0.7761051654815674,1.599692463874817
1.2533211708068848,0.5128472447395325,0.8902302980422974,1.6829721927642822,-1.242071270942688,0.04296471178531647,0.880864143371582,0.8434709310531616,0.20021966099739075,1.7720030546188354
-0.9685942530632019,-2.3867106437683105,-0.03235902264714241,-0.8764733672142029,-0.3129977583885193,-1.4602758884429932,-0.05590313673019409,-1.2526309490203857,-1.2138192653656006,0.27373766899108887
-1.106480598449707,0.5897086262702942,0.8211555480957031,-0.9482115507125854,-1.1270837783813477,-0.5599650740623474,0.8024507761001587,-0.5316981077194214,-0.7472835779190063,0.9954789876937866
-0.5300390720367432,-0.4191492199897766,1.1065280437469482,-0.2332153618335724,-0.46821868419647217,-1.1812790632247925,1.1057627201080322,0.755855143070221,-0.12448860704898834,-0.5631656050682068
-0.9575074911117554,-1.0909454822540283,-0.39861252903938293,-0.7369788289070129,-0.07890025526285172,-1.0235098600387573,-0.39415183663368225,-0.10755574703216553,-0.15059992671012878,-0.6505341529846191
-0.5464305877685547,0.7807912230491638,0.3177415132522583,0.2722533643245697,2.200627565383911,2.32503342628479,0.3108595311641693,0.03394231200218201,0.7663191556930542,-0.3418290615081787
0.20289751887321472,-0.15849396586418152,0.010743390768766403,-0.20510801672935486,-0.7780956029891968,0.5505486726760864,0.007872182875871658,-0.3146663308143616,-0.7392133474349976,-0.1336642950773239
-0.40143251419067383,-0.846384584903717,-0.9234657287597656,-1.1360191106796265,-0.2999208867549896,-0.4953879714012146,-0.9754719138145447,-0.9523525834083557,-0.5258230566978455,-1.1709840297698975
-0.7642849683761597,-0.24263127148151398,-0.6422114968299866,-0.3209804892539978,0.26170241832733154,-0.7972232699394226,-0.6887212991714478,-0.9418701529502869,-0.4459800720214844,0.02850944548845291
-0.5875867605209351,0.5067638754844666,0.6277048587799072,-0.7734225392341614,2.5347557067871094,-2.1986639499664307,0.614090085029602,1.9002747535705566,-0.7687627077102661,-0.4351264536380768
0.9556615352630615,1.0902148485183716,0.736833930015564,1.5105326175689697,-0.09784366935491562,0.08806009590625763,0.7656569480895996,0.20167236030101776,0.4276428818702698,-0.3872843384742737
-0.8392148017883301,0.05362433195114136,0.9600865840911865,-0.5338815450668335,2.39931321144104,-0.18650300800800323,0.9690767526626587,-0.3393101692199707,-1.0207291841506958,-1.4337223768234253
-0.129844069480896,0.5182579755783081,-1.4473960399627686,-0.8764886856079102,-1.16610586643219,-0.4206077754497528,-1.4629042148590088,-1.0014268159866333,1.064977765083313,-1.232017993927002
1.5362975597381592,0.9991406202316284,1.4761534929275513,1.3793102502822876,1.9245415925979614,1.4593101739883423,1.3547396659851074,1.3787320852279663,0.647912859916687,1.9349055290222168
-1.4657689332962036,-0.79350346326828,0.6532477736473083,-0.6171712279319763,-0.7401716113090515,-0.8489772081375122,0.6774464845657349,-0.7030634880065918,-0.0996519923210144,0.21529290080070496
-0.8289195895195007,-0.25382688641548157,-0.8196885585784912,-0.6680993437767029,0.4478805959224701,-0.17090624570846558,-0.8655434846878052,0.052587661892175674,0.9841406345367432,-0.5952065587043762
0.6624906659126282,0.2790587842464447,0.742348313331604,0.9338770508766174,1.2982556819915771,0.6590466499328613,0.7241182327270508,0.33311957120895386,0.07825469970703125,0.21368955075740814
0.2734862267971039,-1.2893685102462769,0.94388747215271,-0.46695247292518616,2.0517168045043945,-0.16925585269927979,0.9129681587219238,-0.4665319323539734,-0.500670313835144,0.122093565762043
-1.473883867263794,-1.3520110845565796,-2.52066707611084,-0.6473696231842041,-1.1734663248062134,-1.1460747718811035,-2.4545726776123047,-1.9405088424682617,-1.196230411529541,-1.9728583097457886
1.7005115747451782,-0.3502756655216217,0.8162735104560852,0.20677684247493744,-0.7485849261283875,0.976652979850769,0.8006525039672852,-0.060010816901922226,-0.43834400177001953,1.2462891340255737
-1.1312841176986694,-1.6727224588394165,-1.2412153482437134,-0.8551088571548462,-1.0198261737823486,1.4636297225952148,-1.2667592763900757,-0.8708186149597168,-0.6063390374183655,-1.475848913192749
-0.11937353760004044,-0.1257324069738388,-0.4937770664691925,-0.5917196869850159,0.06618032604455948,0.4647505283355713,-0.5189103484153748,-0.8351946473121643,-0.5491558313369751,-0.25252437591552734
-1.3681918382644653,-1.6492655277252197,-1.8277482986450195,-1.7583054304122925,0.24632734060287476,-2.373751401901245,-1.7956486940383911,-1.7907589673995972,-2.0120983123779297,-1.7646310329437256
-0.15727826952934265,0.7035484313964844,0.7155033349990845,1.11093008518219,0.18376772105693817,0.07947933673858643,0.7158786058425903,0.8867150545120239,0.32701051235198975,-0.02789379470050335
0.48267731070518494,0.4142947494983673,-0.20809757709503174,-0.6178984045982361,0.9977009296417236,0.26349562406539917,-0.20390024781227112,1.2199980020523071,-0.3171752095222473,-0.9871429800987244
0.2385789006948471,0.4793899357318878,-1.868407964706421,-0.4528980255126953,-0.6228412985801697,-0.2705637812614441,-1.8561036586761475,-0.4535990059375763,1.8822393417358398,-1.2728623151779175
0.1837938129901886,0.03593119978904724,1.2717151641845703,0.5439647436141968,-1.0084006786346436,0.7931618690490723,1.2269797325134277,1.2483677864074707,0.2234312742948532,1.321803331375122
0.15838055312633514,0.5135946273803711,-0.1607527732849121,-0.34541842341423035,-1.5879435539245605,-0.552929162979126,-0.14950110018253326,0.6169060468673706,1.0640943050384521,-1.3257665634155273
0.2968902289867401,0.5245795249938965,0.9346004128456116,0.7170498967170715,0.49632948637008667,0.5486910939216614,0.9181485772132874,-0.32839566469192505,0.7844018936157227,0.9477193355560303
0.5315409302711487,0.9495801329612732,0.17738807201385498,1.010327935218811,0.6578947305679321,1.8570830821990967,0.16152963042259216,0.3271488845348358,-0.03048723377287388,1.5433355569839478
-0.21500277519226074,1.1887552738189697,1.2173129320144653,1.3051714897155762,1.142386555671692,-0.1819300502538681,1.1894707679748535,1.50435471534729,-0.006930708885192871,-0.9783499240875244
0.8811536431312561,-0.6881709694862366,0.5062069892883301,-0.14285610616207123,-0.5820666551589966,0.8647589683532715,0.4931472837924957,0.9064441919326782,-0.5249570608139038,1.1350189447402954
0.7984206080436707,0.26007527112960815,-2.0626490116119385,0.46354740858078003,-1.4839402437210083,0.7399807572364807,-2.0087547302246094,-0.2698381245136261,1.657783031463623,0.729159951210022
0.3628855049610138,0.3371928930282593,0.4391188621520996,0.7955977320671082,-0.5157754421234131,0.3621234893798828,0.4167507588863373,0.47672247886657715,0.4705578684806824,-0.26125648617744446
-0.007563065737485886,-0.19777636229991913,0.45422816276550293,-1.0651111602783203,0.5123803615570068,-0.32458731532096863,0.45410576462745667,-0.08169599622488022,0.01968700997531414,-0.044297441840171814
0.5991934537887573,0.25116392970085144,-0.018829189240932465,0.09174709022045135,-0.1821749359369278,-0.1470288187265396,-0.025354154407978058,-0.5412869453430176,-0.11922242492437363,-0.37395623326301575
1.018872618675232,1.4635591506958008,0.5487458109855652,1.9887112379074097,1.799185872077942,0.9820701479911804,0.5756751298904419,1.2672576904296875,0.4405584931373596,1.2333253622055054
0.8251218199729919,0.4319543242454529,0.8237012624740601,0.6716440320014954,-0.20178118348121643,0.5704384446144104,0.8044717907905579,1.2412877082824707,-0.4595417082309723,1.415865182876587
-1.0256699323654175,-1.5051459074020386,0.5720342397689819,-1.1423126459121704,-0.5490378737449646,-0.8043730854988098,0.538320779800415,-0.13301299512386322,-1.014562726020813,0.4006335735321045
1.2715471982955933,0.03473528102040291,0.6724958419799805,1.0037320852279663,-0.43068212270736694,0.9852776527404785,0.6504976749420166,-0.039445433765649796,0.01492519024759531,-0.934704065322876
-0.7190205454826355,1.6202234029769897,1.4500313997268677,-0.19257541000843048,2.389153003692627,0.859931468963623,1.3205807209014893,0.6414122581481934,0.9125293493270874,-0.023563703522086143
1.4173955917358398,1.1173852682113647,0.19830605387687683,1.358703374862671,-0.17382754385471344,0.7743326425552368,0.19751767814159393,-0.0022715467493981123,1.4273227453231812,1.3243423700332642
-0.4438990652561188,-0.21625806391239166,-0.11359265446662903,-1.144708514213562,-0.6306552290916443,-0.7382550239562988,-0.10295289754867554,-0.6620526313781738,-0.23531420528888702,-0.11666207015514374
-0.858920156955719,-1.591101050376892,-1.2415175437927246,-0.7155197262763977,-0.30471011996269226,0.21613234281539917,-1.2444822788238525,-1.545764684677124,-0.580503523349762,-1.004963755607605
0.9220004677772522,0.4756419062614441,0.02346647158265114,1.078440546989441,-0.5705832242965698,1.2797757387161255,0.015390701591968536,0.3528057336807251,1.6230213642120361,0.27915072441101074
0.3620525598526001,1.1734615564346313,0.5881712436676025,0.9590505957603455,0.06674759835004807,1.574998140335083,0.6194742918014526,1.3484210968017578,1.8388866186141968,1.4862704277038574
-0.14382480084896088,-1.722643256187439,-0.2649630904197693,-0.3316836953163147,0.4245898127555847,-0.9251732230186462,-0.2748725116252899,-0.3239440321922302,-0.4480122923851013,0.15314269065856934
-1.9505494832992554,-1.2113189697265625,0.34781691431999207,-1.022391438484192,-0.05429243668913841,-1.6679142713546753,0.32852691411972046,-0.3802728056907654,-0.8067796230316162,-0.7356081604957581
-1.0382111072540283,-1.2557733058929443,0.5979817509651184,-0.5956516265869141,0.7147722840309143,-0.6985393166542053,0.5741680860519409,-1.2930339574813843,-0.6969386339187622,-0.6364681720733643
1.22111177444458,0.2770029902458191,-1.091545820236206,1.6911463737487793,-0.09143651276826859,0.843737006187439,-1.110353708267212,-0.08651620894670486,1.1207753419876099,1.551302433013916
0.1938019096851349,0.03888331353664398,0.808285117149353,0.6536296606063843,-0.34157857298851013,0.9560191035270691,0.7821776270866394,0.32227855920791626,0.0248744897544384,1.8511167764663696
-0.6521832942962646,-1.2984815835952759,-0.7384639978408813,-1.7626354694366455,-0.63947594165802,-1.5078712701797485,-0.6958871483802795,-1.6288093328475952,-1.409416913986206,-1.6575170755386353
1.9940533638000488,0.7284887433052063,0.9049823880195618,0.8783836960792542,2.7111434936523438,-0.260629802942276,0.8946510553359985,0.9364033341407776,-1.108872890472412,1.0159668922424316
-0.23922857642173767,-0.1830725073814392,-0.16559846699237823,-0.4207535684108734,-0.7655105590820312,-0.26928725838661194,-0.15488719940185547,-0.42796051502227783,-0.38299423456192017,-0.5062597990036011
0.5419071912765503,-0.14235910773277283,-0.20956149697303772,0.49538925290107727,-0.5231770277023315,1.472629427909851,-0.23231686651706696,-0.5246453285217285,1.0967357158660889,-1.1157526969909668
-0.010830467566847801,0.7635168433189392,-1.1225566864013672,1.7232600450515747,-0.7802103757858276,0.4655406177043915,-1.1130670309066772,-0.1534578651189804,1.9015817642211914,-0.964356005191803
-1.6945397853851318,-2.0307819843292236,-1.9617118835449219,-2.228498935699463,-0.20873890817165375,-1.5271621942520142,-1.9654350280761719,-1.9767320156097412,-1.6570420265197754,-1.4915238618850708
-0.9810415506362915,-0.9372088313102722,-1.2195346355438232,-1.3438655138015747,-0.8965000510215759,-0.7356902956962585,-1.2603139877319336,-1.0151400566101074,-1.18748939037323,-0.465378075838089
-0.062011346220970154,-0.5946047902107239,-0.9571645259857178,-0.4048648476600647,-0.849264919757843,0.0002759929629974067,-0.9637859463691711,-0.9841344356536865,-1.597375512123108,0.11193962395191193
1.4901803731918335,1.0039608478546143,0.9990121126174927,0.8812416791915894,-1.5715852975845337,0.3567137122154236,0.9958083033561707,0.41362130641937256,-0.11700434237718582,2.093364715576172
0.9764149188995361,0.9359758496284485,0.25153884291648865,-0.5689607262611389,2.2715249061584473,1.0059959888458252,0.2621335983276367,0.7688904404640198,0.5245468616485596,-1.2149403095245361
0.46728453040122986,1.0835318565368652,1.4669179916381836,0.7460764050483704,-0.3123273551464081,0.9453886151313782,1.3357255458831787,1.7179096937179565,1.122736930847168,1.022869348526001
1.1059596538543701,0.6792047619819641,-1.3238083124160767,1.0956859588623047,-0.5535824298858643,0.8865995407104492,-1.3593153953552246,0.6568270921707153,0.6448806524276733,-0.7161416411399841
-0.11710264533758163,-0.8289106488227844,0.18114879727363586,-0.10576707124710083,-0.5374745726585388,-0.6833417415618896,0.13749295473098755,-0.6607504487037659,0.5539580583572388,0.33274972438812256
-0.2050427347421646,-0.050078146159648895,1.2082754373550415,-0.145469069480896,1.887217402458191,-0.319732129573822,1.1586099863052368,0.45487263798713684,-0.31662240624427795,-0.34702643752098083
-0.5355116724967957,-0.7735912203788757,-0.8454201221466064,-1.017195224761963,-0.19791217148303986,0.4059944450855255,-0.8254681825637817,-0.5216735005378723,0.016440704464912415,-1.007472276687622
1.356813907623291,1.5229849815368652,0.7712927460670471,0.8238899111747742,-0.38212189078330994,0.8741747736930847,0.772445797920227,1.54780912399292,0.8905883431434631,-1.4531168937683105
1.3965226411819458,1.0210201740264893,0.24746690690517426,-0.343190997838974,-0.9342663884162903,2.0679728984832764,0.2213219404220581,1.3511614799499512,1.5534149408340454,-0.4433423578739166
1.9198392629623413,0.4535503387451172,0.7685286402702332,1.3606914281845093,-0.7675307989120483,1.2110419273376465,0.7968720197677612,0.8787881135940552,0.5735732913017273,1.5490446090698242
0.5447117686271667,0.5116468667984009,-0.061215005815029144,1.0478401184082031,-0.4669443666934967,0.9724141359329224,-0.06568021327257156,1.011544108390808,0.7861824035644531,-1.4498738050460815
-1.8187742233276367,-1.1746870279312134,0.45536208152770996,-1.119543433189392,-0.9107105135917664,0.01110879983752966,0.4714661240577698,-1.1392953395843506,-0.6262908577919006,0.19919034838676453
0.5013454556465149,1.1818435192108154,0.9666746854782104,0.46318814158439636,0.49952131509780884,1.9481518268585205,0.9707998633384705,0.7559770941734314,0.8753305673599243,0.4111742079257965
-0.3588773310184479,-0.5807834267616272,-0.06402301043272018,-0.5689231753349304,-0.5184276103973389,0.13453558087348938,-0.08189910650253296,-0.6005802154541016,0.021338632330298424,0.20352758467197418
-1.0922409296035767,-0.9333779811859131,-1.3546733856201172,-0.9348441958427429,-1.1367748975753784,-1.5656033754348755,-1.3676716089248657,-0.950856626033783,-1.6008223295211792,-1.1356990337371826
-0.13587108254432678,-0.17777980864048004,-2.574436664581299,-0.946244478225708,-0.31846117973327637,-1.14064621925354,-2.489841938018799,-1.849124550819397,-0.09067744761705399,-1.0139493942260742
-1.1980592012405396,-0.8010565042495728,-0.50126051902771,-0.9645126461982727,0.23906415700912476,-0.46186086535453796,-0.49703726172447205,-0.6831749081611633,-0.4220215380191803,-1.8970000743865967
-1.9965314865112305,-1.6681504249572754,-2.0575952529907227,-1.5290626287460327,-0.047815967351198196,-1.8895565271377563,-2.00095796585083,-1.4080592393875122,-0.7082802653312683,-0.13477346301078796
-0.9667535424232483,-1.7054531574249268,0.6227101683616638,-0.2781321406364441,1.8444219827651978,-1.2814838886260986,0.5956841111183167,0.018822237849235535,-2.107337474822998,0.2109096646308899
0.5913210511207581,1.475022554397583,0.9565017223358154,0.740792453289032,1.1659190654754639,-0.08873429894447327,0.9593558311462402,2.0017497539520264,-0.01890477165579796,0.3487553894519806
1.9563465118408203,1.4882938861846924,0.6591304540634155,1.5115607976913452,1.276607632637024,1.7340781688690186,0.6827677488327026,0.9852778315544128,0.8595199584960938,2.283210277557373
0.46279120445251465,0.4932038486003876,0.6850820779800415,0.2092491090297699,-0.3201580345630646,-0.5810645818710327,0.6600937843322754,1.017059564590454,-0.5960037112236023,0.21933646500110626
-0.0190312247723341,0.71185302734375,0.6317715048789978,0.8435805439949036,-1.4948569536209106,0.2948290705680847,0.6186192035675049,0.0619049035012722,-0.5552624464035034,-1.0850478410720825
-0.013164193369448185,0.03623359277844429,0.15772666037082672,1.1055299043655396,-1.09215247631073,0.29133158922195435,0.13994042575359344,0.06780540943145752,0.14146962761878967,-1.169011116027832
0.9821537137031555,-0.17232102155685425,-0.05995696783065796,0.8799110054969788,-0.6081473231315613,-0.1125699058175087,-0.0745241716504097,-0.372251033782959,-0.2515852153301239,-1.5076572895050049
0.043461259454488754,-0.7621622085571289,0.7646894454956055,-0.40589919686317444,1.6425350904464722,-0.846512496471405,0.7340443730354309,1.7313315868377686,-0.10650259256362915,0.6074330806732178
0.34473901987075806,0.6160333156585693,-1.2272632122039795,-0.32682859897613525,-0.6059886813163757,0.8158136606216431,-1.2292547225952148,-0.4646990895271301,0.29231637716293335,-0.5011270046234131
0.291293203830719,-0.34407705068588257,0.03887989744544029,0.12248480319976807,-0.061642784625291824,-0.13759611546993256,0.028583258390426636,-0.33644551038742065,-0.018788984045386314,0.860531210899353
-1.6526596546173096,-0.6862925887107849,-0.5647783875465393,-0.4689573645591736,-0.6396517157554626,-1.3889189958572388,-0.592117190361023,-1.171274185180664,-0.8558380603790283,-0.12362776696681976
2.0998153686523438,1.3187777996063232,0.961732029914856,1.6232008934020996,-0.9088572263717651,0.542482852935791,0.9426813125610352,0.8075582981109619,0.9545481204986572,0.21584783494472504
-1.5289678573608398,-1.0490316152572632,-0.5799009799957275,-1.3438271284103394,-0.31128740310668945,-0.6898709535598755,-0.5972094535827637,-1.0312341451644897,-1.6234310865402222,-1.498589038848877
-0.3313523232936859,-0.6815691590309143,0.7887145280838013,0.3209090530872345,-0.45226773619651794,-0.7943318486213684,0.7534310817718506,-1.3070683479309082,-0.24343836307525635,0.5830906629562378
2.1564459800720215,2.030883550643921,1.5969816446304321,2.024723768234253,-0.296165406703949,1.1312936544418335,1.5222830772399902,0.8678366541862488,1.4521431922912598,0.5548781752586365
-0.6719239950180054,-1.158643364906311,0.16689428687095642,-0.4741397500038147,1.4188647270202637,-1.1909639835357666,0.10979907214641571,-0.9837393164634705,-0.6268231868743896,0.4959045648574829
1.060644268989563,0.5553414821624756,-0.18444408476352692,-0.36759841442108154,2.0847859382629395,0.5899044275283813,-0.17571328580379486,0.5330061316490173,0.08950641751289368,-0.7164647579193115
0.6198844313621521,0.6388061046600342,-0.1158391684293747,0.2021251767873764,-0.510238766670227,0.30851495265960693,-0.08435104042291641,0.15474386513233185,0.25253725051879883,1.379765510559082
0.27199986577033997,0.18650880455970764,0.08214399218559265,0.5202991366386414,-0.690674901008606,-0.3485527038574219,0.0749029591679573,1.2000700235366821,0.10362176597118378,-0.503075361251831
2.299129009246826,1.0719178915023804,0.9922388792037964,-0.520000696182251,2.065852642059326,-0.17592169344425201,0.9836210012435913,0.7961297631263733,-0.7836860418319702,0.03592340648174286
-1.2218106985092163,-1.0697592496871948,-1.317474126815796,-0.8629278540611267,0.21141394972801208,-1.1002237796783447,-1.365433931350708,-1.0237826108932495,-0.05110323429107666,-0.09717899560928345
-0.946256160736084,-1.159830093383789,-0.06185431033372879,-0.6305482387542725,1.3203020095825195,0.30469271540641785,-0.07366025447845459,-0.16887222230434418,-0.959843635559082,0.5883357524871826
-0.4747433662414551,0.10060952603816986,1.4407122135162354,0.49340158700942993,0.8227345943450928,0.012878959067165852,1.418569564819336,1.7682135105133057,-1.511308193206787,1.7957602739334106
-0.2623960077762604,0.23856723308563232,-0.0634509027004242,0.41607916355133057,-1.0643404722213745,-1.1866906881332397,-0.068903349339962,0.21065595746040344,-0.22810222208499908,1.656882643699646
0.034409794956445694,-0.4684196710586548,-0.022283285856246948,0.1546589434146881,-0.08920617401599884,-0.0954800397157669,-0.02925686351954937,-0.7139929533004761,-0.18738478422164917,-0.397696316242218
0.4830567538738251,1.7118017673492432,1.4774718284606934,0.18514437973499298,1.8422516584396362,0.3603697717189789,1.3529176712036133,0.8067428469657898,0.9473342895507812,1.216902732849121
0.0004822967166546732,0.4943959712982178,0.5871147513389587,0.18257826566696167,-0.8290367722511292,0.2918356955051422,0.5820043087005615,-0.507784366607666,-0.6584655046463013,-1.7124783992767334
0.8730829358100891,-0.7020930051803589,-1.6558409929275513,0.42323195934295654,-0.3642670512199402,0.4746275544166565,-1.619215488433838,-0.5717938542366028,2.0437698364257812,-0.06077173352241516
0.6197860240936279,0.2954738438129425,-2.2645437717437744,-0.9579090476036072,-0.5585120916366577,-0.02929406799376011,-2.1657261848449707,-0.6921620965003967,1.9804115295410156,-1.3729223012924194
1.1021109819412231,0.9223810434341431,1.3659218549728394,1.1611049175262451,0.506104588508606,0.6539817452430725,1.3000597953796387,1.4337947368621826,1.3329161405563354,2.434061050415039
-1.1386209726333618,-1.0265841484069824,-0.279177725315094,-0.7875382304191589,-0.09144583344459534,-0.23985005915164948,-0.3006424307823181,-1.2895413637161255,-0.7529464960098267,-0.6064410209655762
0.012418394908308983,-0.13094094395637512,0.8018184304237366,0.22068150341510773,1.3770027160644531,0.6925308108329773,0.777499258518219,0.04357461631298065,-0.6755772233009338,-0.24680528044700623
0.8675713539123535,0.6265453696250916,0.04962600767612457,1.2794069051742554,0.17436029016971588,-0.014882415533065796,0.025829538702964783,0.2661984860897064,0.7142295241355896,0.6303749680519104
-0.8003140091896057,-0.5412258505821228,-0.2799312472343445,0.28894713521003723,0.08213547617197037,0.07272558659315109,-0.29784876108169556,-0.3479576110839844,-1.3864777088165283,0.5119979381561279
-0.15655215084552765,0.5615853667259216,0.9265331029891968,-0.5981556177139282,2.691420555114746,0.8980099558830261,0.9312286376953125,0.04022977873682976,-1.7999215126037598,0.33804258704185486
1.0382335186004639,1.6104249954223633,-0.04511821269989014,0.9303377866744995,0.05693068355321884,0.34053951501846313,-0.060865551233291626,1.021747350692749,1.2192373275756836,-0.984809935092926
-0.9640477895736694,-0.9110134840011597,0.2698042690753937,-0.7532736659049988,0.0589735247194767,0.15015766024589539,0.2921712100505829,0.10839919000864029,-0.326151967048645,-0.5460515022277832
-1.1712446212768555,-0.8272399306297302,-1.6419388055801392,-1.78070068359375,-1.1457068920135498,-0.7740371227264404,-1.6108843088150024,-2.2893574237823486,-1.6050386428833008,-0.508541464805603
-0.15251970291137695,-0.6751697659492493,-1.1212992668151855,-0.3479290008544922,-0.4347701072692871,-0.10857950150966644,-1.1345174312591553,-0.749204695224762,0.057789772748947144,0.08015045523643494
0.01717321388423443,-0.15140148997306824,-0.03897818177938461,-0.09824331104755402,-0.9428631067276001,-0.5349667072296143,-0.0460292212665081,-0.5711138844490051,0.17552436888217926,-0.5199899077415466
-1.7156431674957275,-1.6527388095855713,-2.1433844566345215,-1.4838168621063232,-0.23546740412712097,-1.081718921661377,-2.0535359382629395,-1.4858590364456177,-0.6790891885757446,-1.8370455503463745
1.2465417385101318,2.3516905307769775,0.9902374744415283,1.0429778099060059,2.0840506553649902,0.5535529255867004,0.9886800050735474,1.426255226135254,0.3120289146900177,1.0362945795059204
0.4282097816467285,0.8543573617935181,0.9013243913650513,0.8879067897796631,-0.391288161277771,0.7747912406921387,0.8683137893676758,0.9906098246574402,0.3829623758792877,1.7927944660186768
-0.047234904021024704,-0.6205423474311829,-0.1539888083934784,0.07159403711557388,-0.5954735279083252,0.26894280314445496,-0.13896653056144714,0.5734143257141113,0.2198270857334137,-0.5048491954803467
0.3829668462276459,1.8520119190216064,1.0261473655700684,0.35647064447402954,-0.22842910885810852,-0.6228904724121094,1.0801753997802734,0.26220306754112244,-0.1855718493461609,-2.0928802490234375
0.3770085573196411,0.11024469882249832,0.6823333501815796,-0.14949411153793335,0.08495529741048813,-0.869282603263855,0.6783811450004578,0.5578689575195312,-1.4853205680847168,0.7814018726348877
0.8705392479896545,-0.28101444244384766,1.6016656160354614,-1.6765809059143066,0.7602736353874207,0.7199363112449646,1.6055396795272827,0.5441321134567261,0.3061617314815521,0.044182877987623215
1.115854024887085,0.301205575466156,0.6526970863342285,1.400282382965088,2.00199556350708,-0.4225704073905945,0.640008807182312,1.426283836364746,0.1296863704919815,0.9116324186325073
0.8056107759475708,0.2893017530441284,0.9874101877212524,1.149560570716858,0.7186514139175415,-1.132598876953125,0.9686578512191772,1.726058006286621,-0.3919578492641449,1.0196521282196045
0.09529043734073639,1.2561662197113037,0.09480878710746765,0.7989050149917603,-1.0256212949752808,-0.05881695821881294,0.0822652131319046,1.3615787029266357,-0.3569277822971344,1.3698397874832153
-1.3105640411376953,-1.3078080415725708,-0.2962307333946228,-1.6801862716674805,-0.4871729016304016,-0.9125784635543823,-0.3079342246055603,-1.081983208656311,-1.0994949340820312,-0.8688252568244934
0.3450143337249756,0.6645965576171875,-2.112438917160034,-0.28512415289878845,-0.7544066905975342,0.08627470582723618,-1.9948880672454834,-0.3510827124118805,-0.42403507232666016,-0.670329749584198
1.5070830583572388,1.4772518873214722,0.9776918888092041,1.1643178462982178,-1.58976411819458,1.2241512537002563,0.96319580078125,1.2715680599212646,0.9643286466598511,1.0820238590240479
1.3417110443115234,0.154567152261734,0.3260911703109741,0.6064667701721191,0.26126760244369507,2.008150815963745,0.33139654994010925,1.4097856283187866,0.16037653386592865,-0.21722258627414703
-1.9129453897476196,-1.0669487714767456,-1.1661945581436157,-1.9566439390182495,-0.1633242815732956,-1.8807059526443481,-1.1842454671859741,-1.6186323165893555,-1.081549882888794,-1.6283626556396484
1.7700144052505493,1.3181089162826538,1.5473673343658447,0.8055517673492432,-0.5804641842842102,0.023036519065499306,1.4340482950210571,0.3800983726978302,0.4183236062526703,1.8408969640731812
-0.2563333809375763,-0.14257079362869263,0.2231334149837494,-0.04084467887878418,1.2709828615188599,-0.47453856468200684,0.19582247734069824,-0.7796478271484375,-1.0723426342010498,0.5629661083221436
-0.33075615763664246,0.3934367895126343,0.6937751770019531,-0.09958413243293762,0.44631946086883545,0.28791821002960205,0.7126197814941406,0.6973660588264465,0.04850641265511513,0.4736499488353729
-0.4813765585422516,0.15556922554969788,-0.024076737463474274,0.3966970145702362,-0.21210169792175293,-0.2613086700439453,-0.0327441580593586,0.18718132376670837,0.9154648184776306,0.03169004246592522
-0.20044903457164764,0.5121781826019287,0.7838466167449951,0.26145562529563904,0.9980212450027466,0.14528770744800568,0.7661938667297363,0.3268907964229584,0.04081907868385315,1.5154144763946533
1.0041835308074951,0.36507442593574524,0.8688449859619141,0.4739188849925995,-1.2195028066635132,0.163103386759758,0.8626497983932495,0.6966736912727356,0.38695359230041504,1.4484264850616455
-1.154081106185913,-0.760756254196167,-1.5618271827697754,0.0805649608373642,0.3071298897266388,-0.6358354091644287,-1.5664966106414795,-0.32445836067199707,0.2703845500946045,-0.7731000185012817
-1.3084053993225098,-1.8261797428131104,0.0015284856781363487,-0.7345101833343506,0.22476965188980103,-1.0180652141571045,-0.005295875016599894,-0.06351488083600998,0.009455210529267788,0.6046320199966431
0.699174165725708,-0.5501371622085571,-0.9665340185165405,-0.8119416832923889,-0.36461979150772095,-0.47743964195251465,-0.9852025508880615,-0.9096406102180481,-0.7211215496063232,-2.1151394844055176
0.8846582174301147,0.8835983872413635,0.3496542274951935,0.5192148685455322,-0.14897245168685913,-0.300493448972702,0.33643436431884766,1.3623651266098022,0.3973603844642639,1.3879121541976929
0.6471636295318604,0.5722082257270813,0.5786092877388,0.4939213991165161,1.3363302946090698,0.07536368072032928,0.5892503261566162,1.2873914241790771,0.13562485575675964,1.392594814300537
0.08475685864686966,-0.5636517405509949,1.0302480459213257,-0.2196836918592453,-0.6863396167755127,0.1282428652048111,1.0131195783615112,1.471384048461914,-0.04361112043261528,-0.31690967082977295
-1.6162787675857544,-1.6228569746017456,-0.9475099444389343,-0.9900616407394409,-0.6459826231002808,-1.2966644763946533,-0.9267297983169556,-0.9759445190429688,-2.1871869564056396,-0.18938685953617096
0.2722182273864746,0.23620738089084625,-0.6655081510543823,1.1413835287094116,0.14801043272018433,0.2853353023529053,-0.6666864156723022,-0.33676832914352417,0.08386267721652985,-0.9222504496574402
-0.9516116380691528,-0.9938223958015442,-1.910982608795166,-0.5131162405014038,-1.242986798286438,-0.32305383682250977,-1.8639121055603027,-1.0850569009780884,-0.7402195930480957,-2.107861042022705
0.8284693956375122,0.6122820973396301,-0.21817341446876526,0.30922427773475647,-1.0587130784988403,-0.5163425803184509,-0.2142222821712494,-0.04892902821302414,0.28436821699142456,-0.13604037463665009
0.9424552917480469,0.6813163161277771,0.40870800614356995,0.9501053094863892,-0.7581521272659302,-0.2781434953212738,0.3779865503311157,-0.3589017987251282,-0.18060007691383362,1.6603658199310303
0.39930054545402527,0.38199540972709656,-1.9296579360961914,0.7026885151863098,-0.18673841655254364,-0.4805060625076294,-1.880595088005066,-1.0550189018249512,-0.2462441325187683,-0.968982458114624
0.11011745780706406,0.13942906260490417,0.9185035824775696,0.23657448589801788,-0.44296348094940186,-1.0849621295928955,0.9721079468727112,0.5488068461418152,-0.8073241114616394,-0.7332553267478943
-0.6622259020805359,0.33461877703666687,0.06900795549154282,0.21205320954322815,-1.5780702829360962,0.7543573379516602,0.05517394840717316,-0.724351167678833,-0.8358256816864014,-0.9572153687477112
-0.9363253712654114,0.05772004276514053,-2.042466402053833,-1.038475513458252,-0.3848106563091278,-1.0761116743087769,-1.9830440282821655,-1.5330427885055542,1.1460497379302979,-1.2164421081542969
-1.319628119468689,-0.9350592494010925,0.3905865550041199,-1.5063880681991577,0.4009965658187866,-0.41648781299591064,0.38864022493362427,-1.508365511894226,-0.7937156558036804,-0.8243733644485474
0.4159073829650879,-0.6991488933563232,0.339983731508255,0.18123921751976013,-0.6350704431533813,-0.8777339458465576,0.32300955057144165,0.038918379694223404,0.4687669277191162,1.549927830696106
-1.562685489654541,-0.014860822819173336,-0.1754605919122696,-0.5020225048065186,-1.5225094556808472,0.3141789436340332,-0.15033318102359772,-0.48469221591949463,0.1830659657716751,-1.317556619644165
-1.3211625814437866,-1.8921488523483276,-1.4208431243896484,-2.04960560798645,-0.7858221530914307,-1.486922264099121,-1.4188014268875122,-2.217097759246826,-1.5068118572235107,-0.04652205482125282
0.8573076128959656,1.0618412494659424,1.22553288936615,0.803966760635376,1.2706714868545532,1.4295650720596313,1.1943566799163818,0.8483115434646606,0.878328263759613,0.7363123893737793
-1.1377217769622803,-1.3954323530197144,0.669634997844696,-0.26512083411216736,2.24969220161438,-2.2465462684631348,0.6535151600837708,0.8194003105163574,-1.2554131746292114,0.13358129560947418
1.008516788482666,1.0755763053894043,0.27449679374694824,0.004035091958940029,-0.7083269953727722,0.6584469676017761,0.2419053614139557,0.10583354532718658,1.9246903657913208,0.08159593492746353
0.8827733993530273,0.09452885389328003,0.48407259583473206,0.6025012135505676,-1.0689362287521362,0.4396951198577881,0.4873841404914856,1.0419316291809082,-0.11591973900794983,-0.01541158091276884
-0.5154909491539001,-0.7395744323730469,-1.1087608337402344,-1.0138864517211914,-0.7277341485023499,-0.4406742453575134,-1.1214971542358398,-0.4931255280971527,-1.0135586261749268,-1.6253103017807007
1.0706716775894165,1.5429340600967407,1.4609737396240234,1.4801020622253418,-1.195715308189392,1.436877965927124,1.3330894708633423,0.4402678608894348,0.8901501893997192,0.8953058123588562
0.35997411608695984,0.04553879052400589,0.9254711270332336,-0.16100113093852997,-0.723442792892456,0.4719190001487732,0.9270519018173218,1.4936788082122803,0.05008868873119354,-0.1773143708705902
-1.054648518562317,-1.4619008302688599,-1.0232056379318237,-1.2263933420181274,0.1894303262233734,-1.1398403644561768,-0.9994405508041382,-1.8101671934127808,-1.5248663425445557,-1.2577488422393799
-0.933694064617157,-1.0290387868881226,-0.3351443409919739,-0.22597889602184296,-0.7862926125526428,0.25263476371765137,-0.35078755021095276,-0.39803895354270935,-1.124610185623169,-1.471732258796692
0.25198832154273987,-0.38124918937683105,0.008125551976263523,0.8344811797142029,0.1434876173734665,0.4540209472179413,0.023439442738890648,-1.60843825340271,0.37078019976615906,-0.05243142694234848
1.5846105813980103,0.9650523662567139,0.0660146102309227,1.2839272022247314,-1.5959913730621338,0.4555302858352661,0.06057507172226906,0.8644075989723206,0.15956956148147583,1.512813925743103
0.07740546017885208,-0.015082712285220623,0.09571373462677002,-0.6225990056991577,1.5905652046203613,0.5234578847885132,0.1015244871377945,-0.5446292161941528,-0.14481911063194275,0.59881991147995
0.15426518023014069,-0.5515621304512024,1.0001442432403564,-0.5630865693092346,-1.2456958293914795,-1.0444238185882568,0.9925265312194824,0.5900683999061584,-0.13835248351097107,-0.3442804515361786
0.8345602750778198,0.35108140110969543,-0.3051627278327942,0.6113056540489197,-0.4376657009124756,1.2388981580734253,-0.31896543502807617,0.36377614736557007,0.5986359715461731,0.3551260828971863
0.16771730780601501,-0.554895281791687,0.5594393014907837,-1.2129337787628174,1.562051773071289,0.031171055510640144,0.5697476863861084,0.313066691160202,-0.6653108596801758,1.355177640914917
0.15222160518169403,-0.8782000541687012,1.0911706686019897,-0.27930811047554016,-0.056351374834775925,-0.7377623319625854,1.0694342851638794,-0.49160879850387573,-1.4890981912612915,-0.4712471067905426
-2.0951459407806396,-1.3037564754486084,-1.0227431058883667,-2.265085458755493,-0.6186769604682922,-2.383119821548462,-1.027449607849121,-1.8428857326507568,-1.4284346103668213,-1.298366665840149
1.9664191007614136,2.1276259422302246,0.2882721722126007,1.1981844902038574,0.32231196761131287,0.6389789581298828,0.27477744221687317,1.0220930576324463,0.18415620923042297,0.4531451165676117
-0.12754182517528534,0.7620869278907776,1.6081461906433105,-1.3787416219711304,-0.895357072353363,0.16959278285503387,1.8041508197784424,0.6121224164962769,0.14720547199249268,1.2709075212478638
-1.0338841676712036,-1.9521926641464233,-1.9976587295532227,-1.6443772315979004,-0.01455155573785305,-1.8249480724334717,-1.9046590328216553,-1.8369406461715698,-2.153465986251831,-0.1902226209640503
