ID,BlendProperty1,BlendProperty2,BlendProperty3,BlendProperty4,BlendProperty5,BlendProperty6,BlendProperty7,BlendProperty8,BlendProperty9,BlendProperty10
1,0.1493402232815055,0.2379780073886537,0.6931005013113123,0.6182008521788734,0.3661925867157783,0.7076096256134364,0.650477455024808,0.3184932729224777,-0.2538806241593418,0.3379291989467025
2,-0.7990352497487301,-0.5861027327913253,-1.2143877583830618,0.0608010307871278,-0.7386792924337332,-0.1007938275777691,-1.2139773825704834,-1.0676313762395242,-1.0200132847561063,0.0043741316634143
3,1.7656642897625805,1.1422420518495646,1.0506002374547347,1.07726227723926,2.1611541410366084,1.8484205296549323,1.074354218823686,1.9778939262274728,0.6842617547063813,2.244390594176692
4,-0.4505603840201024,0.2963977152598836,0.8467977282542943,-0.6947536160438804,2.053009269947054,-0.4398021654594973,0.8292274540256913,1.6912419516511203,0.958417476186292,-0.9473961328513272
5,0.1698126192157467,-1.141252588270573,1.1863488363879962,0.4719212959113618,2.545556042497007,0.2428928951683864,1.1592617615055247,-0.0067993734117794,-0.4426912924630003,1.0528915122568951
6,-1.4904945999540211,-1.7196357315380808,0.5078893018371746,-1.4582084859966518,0.004183286725082,-1.6323118936639047,0.4883141804102118,0.061205781193162,-0.9603772664290364,0.0714093231334025
7,1.162602382650395,0.5598466104248533,-0.1156197121302813,0.007229927759335,-0.1117225554703264,0.5520666006315216,-0.1247537405369726,0.1508456036464457,1.3735049763977811,0.2601934731998744
8,2.1188087318932305,1.2604809353659034,0.8254136219664853,1.4455846351689992,-1.52247709068438,1.4782219766969948,0.7996387604245182,1.064928552058527,1.7197991730888924,0.5388506099114151
9,1.4029121759357108,1.1024110098559594,1.2043028201544612,1.7806740644698615,-0.5410918397249043,0.9797592522544898,1.2010619139049816,0.2981269641105347,1.0955357363045923,1.028327749628157
10,-0.9544106012791996,-0.7886599711097667,-2.403554531684768,-0.6141295009217699,-1.1657542229472737,-0.6438194573023251,-2.385458368349666,0.2958827148752788,-0.670076705961972,-1.2284636858611604
11,0.0635751251366923,0.4952013960770768,0.741263130410684,0.4244449634492201,1.8224080305407448,-0.2300412936725625,0.754378812440983,-0.0129277961296061,-0.9273170267175632,1.0032995647238492
12,1.8540434852597585,0.9208738164400564,0.8417275200853886,-0.3489675085866672,1.166461684143787,0.5423878813935906,0.8058990145655328,1.1258149413891547,-0.0358095081614926,1.0602845678726964
13,0.531031025639133,-0.5622511954740171,0.8634808270064744,0.0457819730985619,-1.4045299357305223,2.569431092551769,0.8972294628488604,0.673130336768905,1.4071534279757567,1.8882589808446184
14,-0.251940518777438,0.8978520661555722,0.6724605858117155,-0.8692577540033599,2.5697559149903304,-0.452972827129085,0.7074243977673869,0.0769931189998927,-0.971461049496466,-0.3785565139083136
15,0.4929472801176253,2.0264017318139302,0.5656766639154984,1.6241037377263865,-0.2212846902973005,0.1787851362636888,0.569854487514253,0.8515254964248116,0.3623393182589634,-0.4217672523200637
16,-0.0723019023773397,-0.8083915352022844,1.1066084706442465,-0.7528875821568768,0.5077415063292586,-1.1369998979158749,1.1041754611642447,-0.0819232929091123,-1.697297790628168,-0.0448256786833521
17,-1.4750353107689254,-1.4603222647194365,-0.1963111123544105,-1.5726738607970752,-0.779346634108323,-0.1434005288841648,-0.1934387643972089,-0.9825572865365572,-0.4341129430039983,-1.41931500340378
18,-0.279643102424872,-0.4699228767524525,0.3214613434474938,-0.704326929690332,-0.0635062688987164,-0.1821463242368514,0.3062136291237873,0.8987212856897272,-0.2870735953598134,-1.0148366776790705
19,0.1678146406981534,-0.3854487709026283,0.9039185323449292,-0.6908434331511734,1.4869378589376512,-0.9911920642330184,0.9113639174618464,1.6121362093963565,-1.2285143790418154,1.6456657975547493
20,-0.8362865973836915,-1.5870285585372548,0.4296506870333275,-1.4286074685728805,-0.7542285038144465,-0.8312145730954974,0.4031617886535093,-0.0706996930405864,-1.423779693930777,-1.8116526790629737
21,0.1521552069537899,-2.139222633925165,0.2171826552404692,-0.9302084297256196,1.8292431517824683,-1.9344010405918624,0.1917607508226226,0.9404280954747104,-0.9325888423330512,0.5093862630278927
22,0.3464525544350708,0.9910774650813088,0.0402917928038843,1.5652256519490664,1.2949815172649768,1.8794510841664256,0.0076699754856616,0.8070852625481126,0.7703291584290088,1.68864099216106
23,0.9702287021032746,1.5960502057250046,1.1675973601853054,0.8042392891192276,1.6032329678032116,0.2792414105228405,1.1742345210349607,0.9062932142813028,0.0133624948093732,1.3984713667295785
24,0.1138359030859969,0.6768749274519489,0.5118890540674004,0.3828770003504874,-0.986090733813251,0.2480354737040121,0.4502736872843298,-0.7112176926211081,-0.0195546361785514,-0.0149571612942083
25,-1.5107224479417385,-0.9480324402022908,-0.0718985312085973,-0.6032420829537383,-0.5522111365034512,-0.3470321712836209,-0.1043502567651053,-1.1234857735121515,-0.3043108951583052,0.0407861889903556
26,-0.3938176521666287,-0.59308864002542,0.1821172817929709,-1.0249132956133298,-0.294473869902068,0.2402950875093865,0.1582647149465343,-1.2639782009942422,-0.017715189720511,-1.7722754590206609
27,0.7981415611002723,0.3177084547340638,-0.6002058443952476,1.646259998163985,-1.3538196038127264,0.3719402567184,-0.5678298665012452,0.6540485279871319,0.7539090616837074,-1.0092305681923943
28,0.1791848439370226,-0.326131557831023,-0.5122771706070569,-0.5991931661025919,-1.1641121322225625,-0.3583115550921132,-0.4708379334010728,-1.0326808291078395,0.7542001923569938,0.7039404345805761
29,-0.8130248956606867,-1.535736649351718,-0.5021881306861777,-0.5573408945242849,-0.4269115411900887,-0.7950554991332722,-0.4220327890164509,-0.952648847415448,-0.5062072505453599,0.1870494640310133
30,-0.2180940175269601,0.1439094363594277,-0.7097885444046246,-0.8666747825221628,-1.543902849403031,0.1482981385576143,-0.7169736207126272,-0.8757091587483509,-0.1597562993233336,-1.768366482029545
31,-1.1749911703477447,-0.3884391777996192,0.1831939220582696,-0.5395293332079674,0.9903667045957364,-0.9003402222998538,0.1835938933282146,-0.115945168634155,-1.4068979042006071,0.307196742199737
32,-1.3353199230214317,-0.4241431524729668,-0.2246645695990866,-1.099605682179547,0.4201655166067938,-1.4683846025409524,-0.1919448554954009,-0.3061560679353777,-0.5911267917915224,0.2675482581320708
33,0.6486955805145307,0.6098947910692604,-0.411521310983337,0.588801068706812,0.1089361975644377,-0.4347067310524142,-0.4025882187360618,0.0893253265666929,0.6450026986096165,-0.1333429760949008
34,0.6320800938677761,1.0150854445027986,0.0577022226775868,0.0289080780567132,-1.006569457818376,0.0372691849235284,0.0144352350196663,1.17099528928755,-0.1173518690820014,-0.6167379779592043
35,-0.7269784693423863,-1.3569731446783404,-0.2383125279428745,-0.9109504010316196,0.1121275532374185,-0.4294931057864807,-0.2119696067159705,-1.2715474559973103,-2.349911141867638,0.2194062799034901
36,1.818004006618483,0.3107403700878861,0.5269969515381622,0.6441258918419939,0.7331791756106004,0.5898972596219505,0.5182263260697373,1.433099895355022,-0.4564031204250616,0.3580437064393336
37,0.013031344767731,-0.2475901430278047,-0.5462357486860888,-0.0364513190316231,-1.264401112306981,0.3382570701646599,-0.5178264326555743,-0.1678936124821183,1.812397917436168,-0.2274962514479947
38,0.2708682613520844,0.7957048136841329,0.5212475248965399,1.3604586230280769,0.2930578491726672,0.7081548478354615,0.5011767147038503,-0.1016168663004095,1.1647661530318956,-0.6598163614391843
39,-2.0756526901710037,-1.4893995662951178,0.1321116792659065,-1.4445719938717247,0.2285147980480121,-0.2665257969465348,0.0926776278514612,-1.7561042631385808,-0.8075913586632459,0.0770256027921414
40,0.242451824436223,0.7599718882475858,0.5263024178620747,-1.3397750293954391,-0.2327338487839716,0.2858256311430037,0.5106548696624187,-0.1990086206733324,0.8784516737296716,-0.3920949654427935
41,1.941391443719388,1.2823529777982603,1.45810742525243,1.441418828175259,2.0035579935496037,2.2530355075917528,1.4198150792122677,1.3871617624303374,1.6161041903406892,1.909388349958614
42,2.1490495776867684,0.6764097817942568,1.2510887993512905,0.7794694451234917,-1.2365013346868263,0.6014295528139556,1.1965674464976592,1.1636603759646953,1.5166290582060171,2.27270492057336
43,-1.721736300233802,-0.4392703096297621,-0.8052436013674876,-1.2818435590323511,-0.5037038898896389,-0.4324443268829375,-0.7999962402274936,-2.1063854528302395,-1.04358566966375,-1.5173954365764717
44,1.211730806697641,0.4538844888150745,0.2019439614078031,0.5939259474337505,-0.3505332382589117,0.5287868266511545,0.166917075844383,1.8783785100441472,0.2547902028990496,0.1901842469707673
45,-0.5931819164683929,-0.6482327956436238,-0.153815688686871,-1.5636137187596757,1.832888939120956,-1.3730210292098624,-0.0847295078466446,-0.1035074647328268,-1.1942986368611148,0.4367315668577813
46,0.7312999214496073,1.030693611049657,0.7962354444938671,0.543575406785899,0.7021890936656238,0.8394206407244835,0.7849784604213822,0.3950574388437002,0.976603659296886,-0.9809391096389318
47,-1.4470569613612132,-1.9438455211175163,-0.6582779924004921,-1.2044762924730268,-0.0494032421211932,-2.0787177784139117,-0.6577985958583698,-1.2445150961125742,-2.228017418874604,-0.4080686838677963
48,-0.1324327687010038,0.2960537855545058,-0.2495226885436358,0.1239747943221212,-0.4374356476162225,-0.5959903693926738,-0.2651057408982479,0.122864486920021,0.7322685052334473,-0.5491380377920951
49,-0.382936622270864,-1.0104470564399437,0.375181714859489,-0.0868767113879202,-0.8407102498681819,-0.5831387232233216,0.3521953550668139,-0.360907060170183,-1.414842156594717,-0.0457211769990607
50,-1.886888529235605,-1.577014545401141,-2.181531861001832,-0.7158973161916461,-0.5647839385177794,-1.4725753994593216,-2.1588942517759557,-2.0685015152084514,-1.9245823508310709,-1.8483433443691213
51,2.6383663755898263,1.0056523008503575,1.6397890980675989,0.4872265322754591,2.365373860932534,-0.9674720824605854,1.9830110624739845,-0.6382104572227865,-0.5389327454840592,1.883632017173204
52,-0.1668221628347747,1.079403596544383,1.6333624473621429,-0.2952474510501187,0.9967408615668572,1.2910531147895543,1.8967858235541848,0.3703757495224678,0.9578877340309632,-0.8045193953292454
53,-0.028161004535002,-0.1289854522924407,-0.3285035731051138,-1.1242287760826986,0.0034346750756704,-0.6560890168999854,-0.3262730407288455,0.7545681899865296,0.397747833377935,0.3707206693057573
54,1.5413572077932658,0.5926652505114716,0.0860085188952929,0.4916016090382091,0.5243675980765007,-0.4436827047623786,0.0341052722947884,0.7343228544459167,-1.1990984043171753,2.379427714963281
55,0.9581519385621076,0.5799788792946498,0.6685892519595888,0.2126691544192795,-0.1162510335950294,1.2554243833485002,0.6497031030055914,0.1754766078107475,0.985284466678724,-0.4307618418450643
56,0.6961624325577219,0.1287971651673981,0.5975678755091791,-0.0093680329836875,-0.1022163541274248,0.6000053379682849,0.5962907659972747,1.1529416226001177,-0.008347773138572,-1.006770922684705
57,-0.0580589672605074,0.335764381448532,0.2600709396792761,0.2446909438302106,-0.2256134453597658,1.155578552758017,0.2207604477218427,0.3628355011726596,0.5693751547564075,0.70926933918984
58,-1.6304075448920592,-0.9219346191209592,0.4832786398783736,-0.2025090693728392,1.2962872907949363,-0.8906232557841367,0.4622387158372341,-0.438381062735581,-2.115577320893006,0.1495852776146356
59,-0.4661002527500119,0.1745697342809954,0.2561521098066853,0.6921731501327666,-1.4716189563249709,-0.682402552242306,0.2692053846029308,-0.4691087477623378,0.2725145259488339,-2.115664741989116
60,-1.0122165117960904,-1.6515140299578064,0.1484276455827799,-1.542630778697652,1.9247097131895017,-1.025976693078842,0.1633422101244919,-0.8733526106819312,-1.1467278915928878,0.6276689352128985
61,-0.4241148229172064,-0.1028975266472365,-2.0095477270324995,-1.1073920183303771,0.0470846453608694,-0.9032456158034696,-1.927223875492582,-0.6653933907209669,-0.3957337726809876,-1.2058562446808447
62,-0.1034373447161998,-1.3409921739540536,0.1403039813247711,-0.6433132573466945,-0.9300343851355772,0.94255401299382,0.1069323747612781,-1.1346366178689675,1.0559480925677267,-0.733304854867489
63,1.5212673631929308,0.3977759055213427,0.5149074230736062,1.823293446924327,-0.2358818933280637,1.2412751842956542,0.5299220879467621,0.841964268452957,1.2543938348806924,1.1017237851033086
64,-0.2885470869528468,-0.4057748875969267,0.8551617717639522,-0.632307284585634,0.9735682126763884,-1.759568958885358,0.7578132282029603,-0.306376391581932,-1.3521112288996708,-0.262395030441665
65,-0.4130160385344372,-0.942834610990168,0.962172030817682,-1.7247026811746702,0.2190528983913497,1.2781829790955823,0.9403854839692394,0.6385944274841184,1.2050532414267572,-1.1323412496272398
66,0.6091348099061534,-0.3678687482913638,-0.2773245278493425,-0.901688293705201,0.6241560759718356,0.0112734768769099,-0.2994150496834155,-0.8836690587184589,0.627489087485106,-0.2101589209815577
67,1.0964939658224295,1.7560746120015307,1.3737242267652616,0.4750303655289326,-0.1194426939785101,1.3735700677943508,1.2866194068115984,1.69578730803108,0.7697512077123391,0.6579686590693768
68,-0.979127633346798,-0.9538483810111782,-0.942632555725776,0.9205064942419542,-1.069871433465116,-0.90466262110434,-0.9558384335819642,0.2687236040973175,-1.1264192133321098,-0.3891556847790549
69,1.5803510372150418,1.7679265068459191,1.0158991297285689,1.0822774438673886,-0.4626904019020381,-0.111588086967161,1.0001393124741638,1.1569635149469846,-0.0452940097363982,1.6228151588997328
70,0.0181423356302448,-0.1589354270233486,0.3500991547875131,-0.1931419533328297,-0.2855968064193723,-0.8541847205923168,0.3312936780027435,-0.344872260681589,0.3406783879828461,0.6079252525964441
71,-0.2723026292611835,-0.0822543690867014,-0.0008443007338826,-0.4054948294682664,-0.8279172512276096,-0.583384800273402,-0.0053304820000158,-0.0037221935413972,-0.4213390637745611,0.7066696286701754
72,0.6988884923120361,-0.5195125339909125,0.0885716586543298,0.5690892874440994,0.2577692512358142,1.2006936540844748,0.0948592574093358,0.2279181758601516,0.4333995697409963,-0.9021177262086943
73,0.344332837689025,0.8227608953173291,1.6400088735372005,-0.431110346635814,3.0246452101658035,1.593619995304922,1.8183135605622216,0.5465143737412882,0.0459807709821235,1.667616490164174
74,1.649930492945637,0.9825687645072552,1.2274958590567284,1.1576476845234704,1.653853034856733,0.0723989584515412,1.229501823552856,0.921933418539836,0.4221064989044589,2.204742838462257
75,1.158546814254147,0.5532384103419806,0.03521370453931,0.8859165064162949,-0.5504531931473071,0.3339314944732821,0.004680258282307,0.6827794497460736,0.8080561962986487,0.4936723008637241
76,-1.2622108292170513,-0.4239947966715102,-0.4321929720894609,-0.4002369487644546,-0.2817346848181952,0.212114379828135,-0.4204182678351992,-0.5712031160595354,-0.2455226857431824,-1.1967485603982917
77,-0.59225616807813,0.3221877277673669,0.8003668660116804,-0.975261897640492,-1.1686273989703049,-0.3521103156089402,0.7225916704311712,-0.4784789831916237,-0.4200776770846648,-0.9872817029936242
78,0.8902294869628172,0.9676096547436877,0.9206627165533136,0.3193471244415488,1.180575766500079,2.172528470825742,0.9015196515645296,1.7902135156973047,0.8314762632265322,-0.3502846174000936
79,0.9537014521713548,1.0320252245228108,0.3880863199107281,0.930301203140281,-0.6436956397240947,0.3340189749055639,0.3691088500702016,0.9435596801096152,0.9139245380000504,-0.0521267661664926
80,0.7959724508744992,0.6813287642402659,-0.8420594855830994,0.740383833990969,-0.7070277021053815,0.6158474526020882,-0.8380191924623765,-0.2513360476282434,2.1678278670221767,0.5988435121820421
81,-0.0393316404256325,0.8136862906584182,1.0118286052575112,0.2389671133096067,-0.468737919242533,-0.5539696794211713,1.0258464590842136,1.3738965966223302,-0.0364999347800202,1.2571743478461992
82,1.6454268477277765,1.1598884941845935,0.8716187638918399,-0.3631984001939275,0.3543233931287191,1.3979540616906478,0.8571868830979349,0.1523202885645096,0.6925554260205661,-0.441381950993106
83,-0.7880317942279564,-0.4696612758934366,0.6240055571990208,-0.7458523797128886,-0.7287571143914918,-0.2463119521318039,0.5614113818471619,-0.0869963694448429,-0.432377103817756,0.1841137756029659
84,1.0787456721506663,0.550291860953847,1.294462051324778,0.6746959461201707,-0.5301966654955331,1.5264723480759397,1.2411578920127209,1.5127660375728724,-0.3141406302759211,0.4926659207058257
85,-0.3914038245442037,-0.3659982772171238,-1.4676487628522918,-1.113752061562749,0.068660068654636,-2.147634748434098,-1.447209673860821,-1.390779965814239,-1.0999838747862452,-0.3509048942160218
86,0.7269690266214212,-0.704323805576817,0.8710164629663173,-0.4038548378684009,1.1612780428675389,0.1089781636859662,0.8424865534794449,0.3287898223042911,-2.226857118687944,0.56885974715729
87,-1.0349380497784648,-0.970643880513398,0.8278066827566826,-1.1161812003377518,-0.0048432634345899,0.6323665448574219,0.7947175281929824,-0.78569394320461,-0.421218689615804,-1.4816506437494938
88,-1.2594441025574783,0.000248928986278,0.2522213347059843,-0.4861327001882786,-0.89499517338735,-0.756396623960613,0.260095484795264,0.0045229990279211,-0.7450841662254547,-0.7044926690573035
89,-0.3009991007346946,-0.4632738730912374,0.2851285059066831,-0.5586953013342784,-0.4671703180722814,-0.8187863345489318,0.2405673093818471,-1.0901291595439635,-0.8936076465321166,-0.5961885979262722
90,0.299411319706344,-0.8552686404924297,0.8140010740484086,-1.0275935208337037,2.055568551806661,-0.8069379013324627,0.8045814274156268,0.2653075537599844,-1.3441371099061248,0.9309267573113416
91,-0.5577305482885363,-0.9761409001076576,-0.2278431255184809,-0.5467957498902905,-0.8622132643165095,0.1372833685121651,-0.2203786730579218,-0.1087523459694158,1.0116988646504,-1.5022087880844226
92,-1.5278113522685317,-0.3742993265230651,0.3009393632480316,-0.8605487660209807,-0.4926012958792383,-0.8158883567969673,0.2352490153587318,-1.0293195210259218,-1.5661255979108206,-0.6078654889371385
93,0.3040122051311262,-1.0116435077402923,1.6385652998008422,0.6483961663691475,0.1867216348626384,0.1981786382893409,1.8293303970903052,0.6175682478161639,0.0206368223345208,0.8546093143527433
94,1.846680816425772,0.7110359626480174,0.5923933023157378,0.7099209928243333,-1.0648430631696353,0.6029753684447282,0.604821578754649,0.7114795485223737,1.0955173210755924,2.2613428538617715
95,1.296900691320695,0.6352600664582357,-0.1887316792384844,0.6502705486440645,-0.2333241195861704,1.3644060704153789,-0.1816263276693069,0.7748714818466218,2.2023708986568584,-0.8557807881543137
96,-1.623207117572465,-1.2005415066728728,-0.0718931534260816,-1.673607368455311,0.6990323041129319,-1.9633337181608157,-0.0067693211645096,-0.3989594793822458,-1.6968704178765637,-0.0645140187981786
97,0.5803302023098075,-0.204486737623332,-0.1268929759132069,0.082492681039857,-0.1850726806468716,-0.0945813499871639,-0.145831948090339,-0.0748705946004104,0.2200672799998967,-0.8387939197993686
98,-0.7549264026311459,-0.2443443731257737,0.219016065547203,-0.948338786152889,-0.9575361457319718,-1.4784426671914757,0.1846204531287478,-0.4848825069424917,-0.1347781681256013,0.0312588585841023
99,-0.5201207111030645,0.0779947491406501,-1.4835700252521695,-0.2943452455937733,-0.0067913491646698,-1.38291923843327,-1.4234014366009395,-0.6710048939264942,0.0050211471181397,-0.6978150719393186
100,-0.4190598633986098,-0.5211357520970759,-0.2173761956672053,0.3616383745209138,0.5393658289788661,-0.237050826372304,-0.2359347281640007,-0.2109129179985639,-0.5059114795837083,-0.5051389863146416
101,-1.3954196098288496,-1.4921228914513605,-1.8924110226641728,-0.9891331290105758,0.4524383489990188,-0.8626076312974439,-1.9015806808524367,-2.0117155904697785,-1.2079083486099411,-0.5449417652135249
102,-0.8306263105521899,-0.9900571945091432,-0.5530437662365254,-0.6262581025765421,-0.857681440949476,-0.0698014996760569,-0.5190026316251831,-0.4632358135162952,-0.0226192053752788,0.0518006161312192
103,-2.2035518067868805,-1.636128471699861,-1.1342252925153076,-1.2770796343248487,-0.9109855142545308,-1.3068698048770688,-1.151243736423601,-1.4315289602312478,-1.211505927550267,-1.4607989758259714
104,-1.2922213592816465,-1.2436905083171097,0.9465908365742018,-0.1289087031096776,0.9514242419792014,-0.3301089195855169,0.90075501975656,-1.0616713806790854,-0.2576426743884044,0.0621523868134919
105,0.6527559351285384,0.4079650092591897,1.1431752387693834,0.763991209220911,0.0860638329981049,0.1651614035800086,1.1059410913867056,0.789554211335577,-1.0900484070794356,0.3189169539035744
106,1.1086225731347192,1.121186515642764,-1.9056480923668997,0.4565228928481513,-1.4740003047296948,0.634355777266161,-1.9420182844550409,-0.85828683427549,2.08489174727319,-0.6704845452222181
107,-0.6829937471250525,-0.9531714877150198,-0.3432103558220777,0.2627275298231821,0.3437043224239514,-0.4147510213567876,-0.3167202934806896,-0.0810996475373857,-0.5298896947478781,-1.302939468108128
108,-0.8438034376498627,0.0370317950396836,-0.1493981227024259,-0.7777925489573018,-0.8224989195965576,0.2804637844563243,-0.1038413559734582,-0.4714597582908915,-1.008933664734578,-0.0010940506408332
109,0.3328236086459969,0.5716786865131821,0.7200440151324338,0.0997766316282998,0.5457274532087706,-0.4904817298655544,0.6969750314047866,0.1420643613629715,-1.27044083146693,0.957153540762992
110,0.9842524464724344,0.3465636937550514,-0.7073387033710693,0.943427959404648,-0.4271709159677079,0.5833734907445828,-0.7030416514632296,-0.7485652478497516,1.1426876371583456,-0.5278882606011558
111,0.1569671365788509,-0.1831222500013843,1.5075387137048124,0.6348167418594028,1.351086184666486,-0.2891769126553599,1.5486217782974891,0.8483117124241358,0.0137063785455516,1.253615339598108
112,0.9397907369143732,0.5615497192936029,0.32453294893243,-0.1829729403023581,-0.2619632236600691,0.2882655096904141,0.3056841186827471,0.8686557904072096,0.7797246355459734,1.2253935995342675
113,0.1761995850374418,-0.1243500930011228,-0.260202492462749,0.4118726893678426,0.2352327804909266,-0.4197170019680334,-0.2364127771349358,-0.1229351760292804,-0.0859263008278676,-0.4348552204416234
114,-0.3191053913529797,-0.8529874963163365,-0.8265102685767912,-0.6018136038343643,-0.8236691738344278,-0.1649855640043963,-0.8246301485777505,-1.9339970008846088,-0.1323768927544654,-0.0530998880601205
115,1.191854038643294,0.4031241918838283,-1.5048933810115253,0.9538295044765324,-0.350762651814718,1.3394405328293892,-1.5412122069711112,-0.2065282216183284,0.8448466173917025,-0.2548338920782452
116,-0.3938438262295231,-0.0752210246355775,-0.4842289117905404,-0.3431085575465167,0.3867386645038744,-1.2523457351329246,-0.4958525889706437,-0.3022235668630417,0.2850182424680539,-1.087551409260352
117,-0.1734152104291096,-0.4995696292795631,-1.701184780847047,-0.771052920412416,-0.8091282544506482,0.0021916063763274,-1.7213391495601311,-0.5048125227573861,-0.1417412476508561,-0.599781990227051
118,-0.0752294772294242,-0.2150849831559068,0.660949639131596,-0.7296669245908913,2.5172958708302997,0.8277468643978142,0.6418241600597349,-0.3958099860349166,0.5138752035061865,-0.5675046174479517
119,-0.6621272084046129,-1.0737998182845565,-2.153997841885648,-0.1907691781583755,-1.4801144053090884,0.2073049207081494,-2.16904257134041,-0.867841917277224,1.01413810682202,-1.629500541367495
120,1.058716352753175,0.3750370650008429,0.6286071573344599,1.047829832363948,0.262268987559944,0.6242625601397036,0.5862301943826117,0.6194469725742854,0.010387780517251,0.8254673897188228
121,0.1035482083173325,-0.0260786214405761,-0.0787606115182933,0.2288057050973621,-1.0886429576785794,1.3139524996707046,-0.011478362743706,0.7375400079144488,1.276485452386043,0.0535209180383836
122,-0.522027704397701,-0.9539686028711613,0.4738768270941484,-1.0289077781022635,-0.131807906650194,-1.2957542475378152,0.5206293591806908,-0.6280758439648305,-0.4033700575890617,0.8365990778568202
123,-0.0648342766082504,-0.3295793820343927,-0.0097040278620221,0.5623275857421717,-0.2367443079811953,0.7092320530691965,-0.0091984988794839,0.1353430434904512,0.4345784720220959,-1.472273605488418
124,-0.4296669007494519,-0.9338805150829612,-1.5177982362540323,-1.2189591190554914,0.0609253411903844,-1.488494097903382,-1.5143981445759098,-0.7454164212257649,-0.9524375771648744,-1.0833634576299809
125,-2.013161415876392,-1.8355391182159275,-2.278397781292142,-1.978472731834668,-0.1709038688077145,-2.0618276944942666,-2.1978755059213246,-1.5884199975655051,-1.0663572218681272,-0.587606263841975
126,1.186434094196498,1.210928155765018,0.1426026284396858,-0.3832176120574412,0.3821566023442006,0.8600891707827221,0.1153996246522878,0.4677897415170912,0.4934045705946406,0.3758731569724186
127,-1.7099491381803769,-1.299543253992937,0.8703675913804392,-0.3404804940671745,2.555866872122971,-1.46294365925084,0.845654388608181,0.0523551767188422,-1.359125247252902,0.0880275085751016
128,0.5529634500197829,0.550276509556835,-1.199866206312612,0.8520589838287238,-1.2699068390080033,-0.7860454104032838,-1.198748565219736,-0.4515749625560306,1.2597003984318866,-0.88867368342013
129,-0.2503354601559929,-0.7745891912542592,-0.1364708934225039,-0.6900626415577757,1.8799689445596472,0.3703767221438486,-0.12997877394576,-0.347467102484752,-0.8567278219119319,0.211402798665829
130,1.3375530646852305,1.5730418976423286,1.5956726547737738,2.679314230209797,1.3689868100874691,1.826027746983974,1.6776932587415274,1.3367144806519842,0.4815690697362786,0.5291934459124213
131,2.5942054274911923,1.4916297573017163,0.995319382097591,2.003262405144248,2.7001253647936343,2.030552695504734,0.964439523344664,2.3716117435230726,1.156531576602024,0.3800930864935977
132,1.5857635342503025,1.443505536879808,0.8894671094995407,2.301556460856651,-0.926229467108203,1.1323758212329524,0.8586812868057547,2.211180806426192,1.736798954160678,0.2194722443921352
133,0.3222301765485095,1.0778649388970944,-0.9740907967849888,1.7828794298318351,-0.5386732435694868,0.4123820449734581,-0.9584082716843688,-1.0860260947107767,0.4947139258802717,-1.529317739682709
134,-0.9473683175737868,-1.9815568175539875,-0.1980469228226613,-0.7061254087631889,1.5992141441512258,-0.7263780136330122,-0.1763328322078994,-0.3563328756010455,0.0103813062894558,0.2792177840874293
135,-0.6598011727579401,-0.134712650665617,-1.6655370959799594,0.2738722847941568,-1.2751869424387148,0.9389554119591236,-1.7320774029752928,0.2965676751030771,0.6519552639902606,-0.2108427386659278
136,0.4603899262894623,-0.4945799218194615,-0.2965896971175364,-0.0550740075588882,0.8483462215630684,0.3987667534721177,-0.2897232237209104,0.0259242125228494,0.7838587060768962,0.6215310203516891
137,-0.1050749392185822,-0.4638107273869364,0.1734120778769335,-1.0255607719068578,0.5833856813946547,-0.2718503811739602,0.1115892919361698,-0.2804553069731,-1.7163496983333495,0.8010788136839038
138,1.602687766472014,0.224255006512504,0.6952656659296023,1.6454398077150876,0.1677025303964803,0.4653576887451011,0.6742064573512525,0.0337344798645676,0.7587835679396597,1.5305584164970545
139,-0.0924660749546298,-0.7475789633093478,0.1926892259593782,0.3091269349530687,2.1479789233661286,-1.2277131112142412,0.179426209182842,-0.2309987604297408,-1.4199829376874442,-0.5706254429131385
140,-1.1023376863324632,-0.3206047367257282,0.8136954930265302,-0.8492220325039777,-0.0381761699171208,0.5549517685871758,0.8492742108196265,0.9206958389415784,0.4256354668442486,-0.2032685381222048
141,0.3478911826430082,0.4175756928732281,-1.147021824211582,0.0977398359788155,-0.3342184371831599,-0.8358908166381601,-1.1293588655930888,-0.6679452224946452,-0.5865226918944527,-1.3329954831761972
142,-1.2228957272514684,-0.6478386976793448,-1.9116857863991483,-0.7599301447599643,-0.943616157664466,-0.2761402074689397,-1.8978653794605085,-0.004802578302011,0.6858473182713795,-0.9274375763016558
143,1.1285438519180668,0.9822020114325128,0.613960461885726,0.9021870569318252,-0.9250816592867744,0.3163938636476447,0.604868655230065,1.140606520678331,0.8628093890954358,1.1444627203120834
144,-0.0727502433216799,-0.2150077411994443,-0.1819176420152026,0.1191867779508435,0.5646986841733465,0.2357109607556645,-0.1805159004592767,1.0965660456711808,-0.3080114683282782,-0.5773556964107203
145,0.8286061178657261,1.268663259720437,1.0306304837204814,0.7137513048760539,0.0236732612118045,1.3692426989129485,0.9112030150266552,0.7754491090079904,1.9194841152504305,2.302438563163808
146,-0.0099490379388766,0.9451727605746764,0.0329378505039887,0.3201371578618298,-0.6003093443715626,1.8943906100936303,0.0095190100826554,0.1726345326091059,0.5154289815336994,-0.3567471389841394
147,0.2254820831939313,0.5200802142765326,0.0685567662209472,-0.3684964949108416,-0.3819015549861312,0.1342378044714805,0.0656048747150634,-1.1927970894642697,-0.0093879513116812,0.1752766375136863
148,1.3569744355577522,1.2585130981328336,-0.2395291564188446,1.4030818421412568,-0.1007035883187405,1.297557325790507,-0.2200606279771141,1.4073522225213633,0.8490808339830895,0.4442096326410594
149,-1.551599021018031,-1.3673528392969256,-1.6588479766250142,-1.3211528028312172,0.0281632811821807,-2.146998746526629,-1.642087833826446,-1.8510464467035952,-0.0036058327968878,-0.2390948775640495
150,1.7504736749093095,1.4440781016062876,-0.280040935189819,-0.0125460273960668,-0.4961046119303596,1.1205281429139913,-0.2963523739015685,0.2031537297414769,1.170171030498552,-0.4106898800217887
151,-1.2066453968737865,-0.4970969726568275,0.0940165130060051,-1.2743704772275104,0.6043467063874365,-1.5448954097724348,0.0482334939370746,-1.189958653939186,-0.5075456175661883,0.362234120245685
152,-1.0869057106496829,0.2163604054812281,-0.0693399269474931,-0.86846574691147,-0.2241349059280603,-0.0222856734784178,-0.0591465472298285,-0.711578963849477,-1.235980611465311,-1.05609345959935
153,-0.0215472754350097,0.4439713417206927,-0.7740368809938157,-0.67198474412992,-0.4574536422410332,-0.0500621046541013,-0.7602101307842843,-0.9193901605923848,-0.7312055478176915,0.8741512489473424
154,1.9831677522748257,0.6854651955736051,0.6465993733549468,0.9860774284168816,-0.3418426006112,1.561508030719516,0.6001479437347003,2.118848303486,2.351679463120199,0.5156534618561502
155,1.2109744643782854,0.3508420611553055,0.7429544191616346,0.3688427539326154,-0.8893507701067234,0.3527446283867553,0.7093790455681319,1.5953916198694953,0.3508016720620105,0.6811647560859766
156,1.1713692413897847,0.5486743098425843,-0.5308509232267677,0.8700323097068996,-1.387079279167653,0.0837870334104346,-0.5067899825050585,0.6909683923881507,1.6775202880703537,0.8520612319954279
157,0.2121354212136484,-0.0661117268292353,0.0028864443933897,0.2304934134276713,0.5030245855986549,-0.6923123386966433,-0.0057241165028189,0.528426416455856,0.2062316009158858,1.2079953694304597
158,-0.6659071782243915,-0.8007045458857845,-0.0833552212243788,-0.1946199880179908,-0.0071220247036496,-0.72257860203286,-0.1216093498370829,-0.3575345861102785,0.6534160675417928,-0.0113040187313647
159,-0.1306208914912404,-0.5584819731882685,-0.5810728879361194,-0.2133426892216292,0.6780681301540485,0.28403290502133,-0.5507632561212135,0.3700371275739254,-0.065323208903175,-0.0535808174953824
160,1.929112507829168,0.0596143752845127,0.3852640238377114,-0.4545842953711327,-1.3992660993928705,0.4451074541478173,0.3174866155341642,-0.4620050813320621,-1.203836135990378,-0.4967007307009207
161,0.4705388395526479,-0.0932880195871594,-1.704973767259183,-0.0126575057963393,-0.4077765991271599,-0.094557157076064,-1.7309127210662476,-0.958687178674508,1.0799823414905168,-1.4922900033982038
162,0.9712602742263562,1.9958265933648052,0.4794728048963564,0.6340641758666767,-0.4653456912989204,1.196271599983328,0.4623373111854881,1.2360756052976218,1.5269679420699336,2.0286729521542366
163,-0.5438819996939018,-0.9315668915712676,0.2226802967075015,0.0734404408752186,1.84762824746471,-1.5052411932769176,0.201329824963026,0.7100590733064625,-2.006552129129616,0.5342416367145252
164,0.5670597265096015,-0.248964166134471,-1.187806623605714,1.0530283372028049,-0.2264229926861801,-0.5341582163876277,-1.1851782296250386,0.871861158592544,0.006048391171387,-1.2724048781930588
165,-0.6619072272275768,-1.1679701365878878,-1.3262838860614805,-0.4186857637660247,-0.3960548260172838,-0.0008446870377229,-1.3268934663253042,-1.0474909703892203,-0.7645882652991586,-1.409785142063589
166,-1.203711714474227,-1.2757316331729105,-0.3473279783211434,-1.1654073244319785,0.139694848976499,-0.4894933665562598,-0.3229799574154102,-0.3306273334049341,-0.2814682657649728,-1.7548985114509907
167,-0.2793312255850003,-0.4659456143782797,1.6401964435391958,-0.0365626103098481,2.569479871828229,-0.5466129025749376,2.036009343386783,0.1938409019772024,-1.587250738622175,0.1973728986659678
168,0.074823746717561,-0.3484349812144033,0.1963009361895319,-0.9515474163452088,-0.1174805325404503,0.4353962177529125,0.1568470363505517,-0.5724162070029859,-0.3684682105165026,-0.0866481017168462
169,0.1433092809811631,0.0667546131895728,-2.6128825154318807,0.0777065503106524,-0.6967583140589942,-0.1950018295406821,-2.5469152659589644,-0.6621106682693415,-0.2060544979251129,-1.630390988856074
170,-0.4537286943024546,1.2969451502562117,0.5878237613213847,0.8720076809434649,-0.5360097685464192,-0.3420985946698403,0.5703162829740409,0.5226455356585203,-0.4308225166975122,-0.5186885685956071
171,-0.4112410868592903,-0.3418472857444832,-0.3070456291827479,-0.0003383983897308,-0.6797906985034073,1.1792616787087011,-0.3256903864857815,0.006132645411912,0.3867627779637588,-0.7855434976041364
172,-0.175946723370431,-0.3671634436436597,-0.2368585679861075,0.6107500825082215,-0.1624298779493613,0.1859838873884393,-0.2200938935710661,-1.1478338915474653,-1.018160225706796,-1.7151320449081082
173,-1.1328617848215752,-0.5512538471642233,0.6561603900967596,-0.6481992498054394,1.3576570747451986,-1.0447138183366491,0.6042113052246211,0.5452472655420624,-0.9562705115789312,-0.3485302255799348
174,-0.6644404800333525,0.5846750089386434,1.417535330865633,1.025806148711006,2.4974794409577097,0.1154266153135907,1.4008294097352136,-0.8410582957265117,-1.169166693176195,0.8111051449857299
175,-0.4781830295408014,-0.8544936520274996,1.0125776538972813,0.3059741420771052,-0.6579205195977045,0.1163405707662861,0.9894721577221488,-0.0101864445530229,0.2807903311379217,0.5686366118294592
176,1.0154085829030826,1.5596900822346031,1.4328625900290388,1.168498303287636,2.4442674311257746,1.2652730648040873,1.4303328520382066,1.5493670720940695,1.1299388161919586,2.110993986829064
177,0.2207085197273834,0.4128661712758505,-0.162678464924241,0.3163935832898653,-0.3957059968317305,-1.5201227427686992,-0.1313432239992368,0.2335886804877552,-0.5010977164074579,1.2390766967582272
178,0.9687129699308372,-0.1304349476619681,0.6427567954023857,0.98322133044326,-0.5419797699769489,1.2263351262607332,0.6211654581545036,1.3578240821622063,1.4748013250244274,0.7871016095623772
179,-0.7892933670735319,-0.9287227189391748,0.7760157829570321,-0.9463752700934214,0.722518006176969,-1.41697152358147,0.7347563749320708,-0.5653216743383194,-0.7621795109095361,-0.2875856978343585
180,0.0886004221499598,0.4115258420693506,0.2304871351095709,0.6163272122346993,-0.1699869149091744,-0.6475898250979631,0.2007511719713065,0.1265026008017933,-0.7203712120661553,1.495258598957276
181,0.4718539803576473,0.7723475918100733,1.5173796935031931,1.3060567098677598,1.7449525154692471,1.0164599664660694,1.4894979049308503,1.0495392768466851,0.5374010166306084,-0.4943021701741677
182,0.1132618517202003,0.3612815561823576,-1.1171795683878027,-0.1726235534796728,-0.0873839814745496,-0.3318868946683618,-1.089409116586795,0.2074714958919299,0.0231973428907858,0.1506534806307624
183,0.660199229677385,0.903560339449611,1.0305169921400394,0.9164547493302068,-0.3955243283573171,1.2657035775708056,0.9823377879891434,1.2982750426870096,0.3012809208851999,1.701552277336167
184,-0.9403710608878536,0.034350862224827,1.635339079009381,0.5077654467676105,2.735784005393369,-0.5583989535186848,1.8227456980953043,1.6110396621095977,0.1769330936643141,0.3639652230244309
185,1.8511544254817225,1.3469189027563735,-0.1496058672764381,0.8760427194157223,-1.0029865722902374,0.1075437664651955,-0.1334065619895946,0.0192612833854404,-0.0759051208982054,1.8848152440309571
186,-0.2771794432025073,-0.4633399323699482,-0.0015547243731393,-0.6555160920921397,0.0729866610118961,0.5267352806079046,-0.0061595663368251,0.7668169673763469,0.285063822417991,-0.2259206811006355
187,0.7474780401484665,0.3186043723714555,1.4664676918929316,1.1567979697288098,-0.0027983293039107,0.5202739867286297,1.4212808225280045,1.5818858145043933,0.1297284881955973,1.0999409782338665
188,-0.8391560659973006,-0.1718349769767104,-1.7317015236189537,-1.2533730597850186,-0.385650630018537,-1.3950144533561626,-1.6786788701595563,-1.5879078763236265,-0.0443635862957296,-1.383622676441142
189,-1.3887883214529055,-1.5197279592259996,-0.1826068723772498,-1.4536801916927808,-0.4642101633136457,-1.4277236873140506,-0.193840156829915,-1.419673732789396,-1.1646189866166663,-0.5528200999973384
190,-1.4057408867609549,-1.29090155633884,-2.060244788873358,-0.5700731563143621,0.2155079304671338,-1.197463657165334,-2.082740420672588,-1.9404468997470443,-1.2300254840419171,-0.5640355442576719
191,0.9404193370724768,-0.0888015905579924,1.5049912042047482,1.2133314869549243,-1.4599798090481098,1.651275106343143,1.5048090734805684,1.3245408177790496,1.895011137850361,-0.4094618989545421
192,2.8452266883817705,1.1827230757078813,1.6376035113153478,0.4752051762431648,2.886073622295268,0.550665380421944,1.796805292380432,2.2572673699606765,1.028887073969834,2.151547631654152
193,-0.0371644411011666,0.7003725696120054,1.4704272093288346,0.503536822887341,2.247491765814492,0.729818104185101,1.4729679092867145,1.9966790188309291,1.78713147927949,-0.2463090740108804
194,1.0778853383302562,0.0838541573389913,0.2240310486993583,-0.030627989414701,-0.1407153052758623,0.3158471786501121,0.1802572564391894,-0.8309617441345726,1.3137830972430993,1.0333137364973166
195,-0.1065217280422549,-1.081869406763038,0.0605467402516689,-0.789075144732605,1.64737671320515,-0.5151314246319736,0.025672451806397,0.005616009393388,-0.8059454341119484,0.4994741684838321
196,1.0152211128702515,0.943297386313532,1.601647046686132,1.52353230878506,-0.7248913004510295,1.430561866157407,1.5940157295419912,1.519545508232899,0.3580797387733133,0.4237878199181463
197,-0.403555177721159,-0.3131654402658553,-2.0848042438275254,-1.0880004232924645,0.1721165602804774,-0.66184065248358,-2.028254281363644,-0.4821733967995885,-1.1713983897723654,-1.5085113040110798
198,0.7861456159179396,1.2103143791048083,1.3785314788495544,0.9980960289197226,-0.4406978472884573,0.996784356719453,1.3490473128798846,1.6058617763516243,0.7040829759437616,1.9791678583962815
199,-2.070293675993916,-1.528001914794459,-1.6219090798378963,-1.3758424739855235,-0.3700283761183131,-1.6100099484542674,-1.676213537492352,-1.5846860555373985,-0.690829116809907,-0.3194343005417136
200,-0.0582503438720367,-0.0646342329646878,0.314215857527145,-0.4107287525720248,-0.5756521242873379,-0.2024135311686044,0.3010949030480323,0.4488846434566943,-0.5161151258860063,0.6098186947656576
201,-1.6370080888849434,-1.106186618877507,-1.96345119055044,-1.823406685761764,-0.4359280304948381,-2.0253690829778863,-1.9539600523760452,-1.5174028542450368,-0.1673204095358164,-1.6129977641436497
202,1.704057014113321,0.7464226800772076,0.5801021383357094,0.6746368696248176,-1.1776770763075826,2.476855679093272,0.6018722580406533,0.7996525868355007,1.8076319411869168,2.355872692845389
203,1.2399524746508104,1.523513815032705,0.0003079351456295,0.7901241194099126,-0.2247602806082851,0.3076318528003871,-0.0048196535941837,0.939337121468537,0.90797499849131,1.7345983056808427
204,2.872980820088338,2.5188693495207546,1.4279081430680651,0.5342971238389654,0.8990578819053883,1.148921479538256,1.3840678457524769,0.6804102931674074,-0.0547594144548363,0.2393186517999561
205,-1.3730289982658626,-1.7841867998244227,0.3013288910158525,-1.395052100888507,0.8375745623130617,-0.5201678371909034,0.2821442160699188,-1.8579070095816,-0.7308304272495532,0.324528941538184
206,1.9673060611154356,0.9081728487055778,1.1472916601868568,1.527128288665197,-0.4841000095960545,0.6646453518223171,1.101112412112263,1.0302242733802396,0.4731443537800032,2.0600487114295354
207,1.4904040163440742,0.7584771819684932,0.0144480241239186,0.9833222999192824,-0.1122835704806167,0.153758327994389,0.0077837542607356,1.860925412000785,-0.2158597588490716,1.8313946231684384
208,0.935372258645193,1.5796042189955697,0.6719541747415878,1.255358220484484,-0.3900124446242063,1.8333978890323843,0.6594255687569881,1.626864596697596,0.8989879180237648,-0.6970307554757806
209,-1.3191964015754574,-0.9429804125305944,-0.5007706412542804,-1.5211400038843734,0.0245077246908286,-0.3940916221699287,-0.4881612830637081,-0.5776065993396604,-1.10685435317416,0.5769442052506124
210,-0.8288847837156655,-1.1317947374181243,0.6173775702128114,0.8935489950563732,1.5836031706581262,-0.2564933045770434,0.5983540007350083,0.7833927486540807,-0.7995844235217747,0.5935117672507366
211,0.3175842837292121,0.4524169089147355,-0.6360445653257787,0.5601459845587936,-0.3920006498371102,0.4152806802196342,-0.6181133840323244,0.244440940591591,1.1948696687394402,0.7074846272082668
212,-0.244183067374525,-0.3046782774167287,0.2676180253658747,0.0964969120950854,-0.7583448092158764,-1.1073464198754868,0.2516169572605776,0.169814514912476,-0.5994093596533344,-0.7674696111748921
213,-0.7934310401542723,-0.3939297522210922,1.23501047945914,-1.1079180669405506,2.2527986356890723,-0.6610254417539443,1.1999360626595672,0.8712858217606082,-0.6727018696861095,-1.1624389135460709
214,0.0986943085746198,-0.0080183489479648,1.111600015375602,0.2799699871206139,1.2835929286848184,-0.2074872424453863,1.0400435382673687,-0.2050686624358258,0.0057626666181646,-0.1039312461132243
215,-0.173904819494645,0.0187991139870545,-0.5462236443687913,-0.0968961224761087,-0.0337843491972032,-0.3038781120363152,-0.5198424813955552,-0.8691929434229196,1.2240219109956847,1.1536184382030883
216,0.781270435325318,2.3228043882280778,1.6253993555936348,1.8945533263500804,1.976460830334385,1.6859755059411516,1.6640428515258914,1.899816447020929,1.254217620784022,-0.3076495407358214
217,1.6804537432445037,2.141427062145548,1.6402136545152657,0.6589427952732865,2.391970393882436,1.312543017459242,1.9782976917745367,1.227749540584274,1.6258072486337196,0.7044040109476518
218,0.2287059343936448,-0.4748721973209078,0.783923762948636,-0.4985073849556035,1.0041805592039106,0.2728146581754929,0.7936508290744164,1.668455042056476,0.0809098453181731,-0.6097656772559524
219,-1.618433157738635,-2.235713917576688,-0.9890139723230432,-1.729393782289299,-0.4740363019100529,-2.1298695158114707,-0.961167007742064,-1.4851149711577931,-1.1836731173223969,0.1580575430312388
220,1.4536109963275776,1.4920578170117946,0.7331858357751732,-0.5223147751234393,-0.8347571300314823,1.7174680668310256,0.7370596943077118,0.1766733649478673,1.423102948085344,-1.235835738143982
221,-0.5404310917691366,-0.433112007309512,-0.8573552170791169,-0.3992527223292431,-0.2514097281614279,0.103824119674239,-0.8217060040793457,-0.8740957171661973,1.5139478739421492,-0.946006844638948
222,-0.5762148570119476,-1.7383947726586932,0.9220306923595046,-0.3310166607007701,1.1783654497643228,0.163694648106934,0.8629649945824021,0.2396789058220189,0.0054801100018153,0.3753930741919545
223,0.5725996303184815,-0.5045141069738239,0.6446298676652451,0.0944593818239495,1.6578007525480565,0.2632010532615542,0.6909503769556112,0.2249835497965917,0.0094146485771707,0.6047507497799899
224,0.4208536992395823,-0.0559214068640721,0.8745174081918824,0.6808180561610819,2.1290900456844835,0.641794604646041,0.8556159540119511,0.8314651514492131,0.9968194476374552,1.1000795240552903
225,-1.351252117263944,-0.1005929260884271,0.6446523261184405,-0.815915181720457,-0.4186223157094944,-0.2401882876527581,0.5975428423951521,0.4487099988015567,0.1891592290420691,-0.4403074533382104
226,-0.0741804947706173,-1.0489553387094877,0.909387664346596,-0.2077945610969159,-0.3904341595115521,-0.9478999022939604,0.8785702045733654,-1.37334830415495,-0.9352642549387156,-1.5974673207497163
227,1.7024060442819533,0.8715878703264832,0.5346483631343283,1.0518380883474403,1.882883015530621,1.4047560448411969,0.5270830883108805,1.1305475596511274,0.4950534405180021,-0.8604529068512949
228,0.050683580794149,-0.7678290773631933,0.8880570831752572,-0.6137944847962262,-0.8595184934498109,-0.6803258956663487,0.8917519786182501,0.1769643321558952,-0.5535703418658343,-0.3214926432925097
229,-0.6940280080497011,-0.3923858442813133,0.1884568027023124,-1.110434032734377,-0.8933728853165417,-0.1424374705898281,0.1687182092776046,-1.6816914692148788,-0.6574410162010478,-0.096832853219426
230,0.4661823282971936,0.307745389599986,1.1596962880632196,0.3451298785675754,-1.1548276078837,0.1082875586438428,1.1100172766039182,1.507045096492925,-0.5832879032401285,-0.9505938973994984
231,-0.162677097359374,0.3824855649939565,-2.0261658662726862,-0.7315716487369318,-1.4071441366926902,0.2286980975125182,-2.081339472550726,-0.6074311279244079,-1.0139513202769523,-1.6080569879256983
232,-0.210323292201196,-0.3128579023893278,-1.670394695250146,-0.4620740513443271,-0.9938575369819498,-0.4557144029451513,-1.6166056203834382,-0.6516573929162935,-0.5094201870485738,-1.1440660624364558
233,1.175819260562854,1.8771286250332275,0.766453813654212,1.52031183446398,-0.6533245402258065,0.8155963570046215,0.7343871901304662,1.144526573050189,1.0420684946094343,0.8545817692746017
234,-1.5156611300066996,-0.3645496723756429,-1.919719696149594,-1.859084905440336,0.4647230615448137,-1.4577360585096186,-1.904340054654266,-1.158548522891805,-0.3796827087167589,-1.5527458745750609
235,-1.071623349099521,-1.9234035186238163,-0.9969255593684474,-1.0450267319209836,0.7212323581690631,-1.5483514481782317,-0.9886488389200928,-0.7302955444054875,-1.41820041096442,0.0857456458073964
236,0.5622695316698756,0.6466719833229463,-0.7914175973549812,1.5929792418351352,0.2888017792379689,1.7043662398263002,-0.7796331219492586,0.8748224166830129,1.4037682190384602,-0.5534982972657708
237,0.0750081937593765,-0.4038533809275402,0.7748343476469529,0.9204570071096584,0.814040151320365,0.3064833017103416,0.7538088067931638,0.0081559579360884,0.0074341342289566,-0.0520114591390542
238,1.5505350895870726,1.0810807474423978,1.49787575936755,2.3161420780163504,0.8015413858407291,0.984536537235888,1.4492022211842903,1.3599113630533524,1.698539952173722,2.123566787150653
239,-0.3954887492479316,-0.8242583132628473,-1.3847862003861813,0.1931418955066613,-0.4231376331258562,-1.355054052239981,-1.3854083726866318,-1.2566306439231842,-1.054324035174067,-1.0086220098234753
240,2.0262155761320235,2.101013056957244,0.9677505073158128,1.752983744176095,-0.6113659410642508,1.1494623689936272,0.9000875636836002,1.4388386547342495,1.151276031004233,-0.1882939276396621
241,-0.778699107094327,0.300076074835972,-1.7014141196830577,0.6972886006771257,-0.976050327590122,-0.6872498044021739,-1.8054198564143584,0.0037313454554193,0.0313237858695286,0.2050548940744503
242,-1.1757422596031095,-0.2790102193854934,0.239444565666755,0.1903736583460699,-0.3250824043732525,0.3133426839841381,0.2188212933086147,-0.4527906410884526,0.0095016128008045,-0.4792660501440481
243,-0.668973857369829,1.000572161577295,0.1669354771370018,-0.0117388929497962,0.2714798827317697,0.1303119864458211,0.1371443182227787,0.5935859016298348,0.0315490470848183,-0.8957841640538522
244,1.2107538380822067,1.161716904024687,0.3514981137511466,0.7702697482444323,-0.2069886548794116,0.4688736297276752,0.2947474765580072,0.6194761482880636,0.6556365667955589,-0.2497123391297637
245,1.383343379260431,0.7959961442391016,0.2950373632844743,0.980584568585644,-1.3593511093979425,0.8376223784751865,0.2735624384889775,0.7577114606922513,1.9190711859522849,0.978035549326797
246,-1.1677745924611476,-0.5597998874840989,-1.4911394564325764,-0.2503873950814866,-1.0175960550650225,-0.5226866702504239,-1.4681635059665783,-1.2229451072863906,-0.5131412567280413,-1.6187562700990763
247,0.4392436540873816,-0.5172882960962724,1.308290467427936,-0.2332373511187866,0.1969340064871999,0.0351655864016922,1.2070876745280474,1.3264587967485175,-0.4694012922043775,1.145412928621851
248,-0.5157066784116571,-0.7651372706004712,0.4297314038390784,-0.9767527319759736,0.0635572405218948,0.0638318031409248,0.3674156478211903,-0.3126732245007473,-0.383165211919545,1.0590341817960551
249,0.936304822307514,1.9437206091545591,0.6505458214194807,0.684799621308962,-0.3863974249995668,0.3975695274789217,0.6217516769868277,-0.2136701891252448,1.2958330574004746,1.8747726579122352
250,0.8903529531289719,1.9155689765401755,0.6928896428943407,2.1079521987536327,-0.5043971743058986,0.3394125824427701,0.6626974189560576,1.218626345292641,0.0173955292436212,1.930918840768417
251,-1.4949340809056335,-2.2419820121316305,0.0013895906490678,-1.269143556612713,-0.2276894231235009,-1.8416760901962983,-0.005954594725979,-0.8113971209568619,-0.3186689051075385,-0.1200174086690264
252,-1.1041653535092792,-0.0075918935650789,0.1434271729815491,-0.1397019559106635,0.2843064255627644,-0.3594158300565784,0.103691280312835,-1.2067559706012367,-0.2228213928433053,-0.7314310495565169
253,2.247876569192187,2.500573002139766,0.6525447918641347,1.8443400256369544,1.951004192543456,2.38099610523304,0.6490494541825469,2.8622809023691453,1.8809028834739916,0.6751296134404914
254,0.0744779653081875,-0.2461538948993161,0.5129183597760965,0.8432941275048853,2.1862033034212263,0.4554301739214457,0.4240302985597078,-0.8283279732476014,-0.5951548407539298,0.2353063642729983
255,-1.4181410010220474,-1.601285060100678,-0.9248170337073638,-1.1090956495159596,-1.1675684600036302,-0.5525103452702851,-0.9213439281438208,-2.04157183340985,-1.0789591481804663,0.2157535101014163
256,0.6328082160614165,0.5189547578052175,1.2982492098732268,0.2027214445269368,0.4398508302414847,1.3094258117691686,1.3558760655649045,-0.0879756653915371,1.005286575935034,-0.7887026972149582
257,1.6895071019581818,1.3836851480918924,1.384948364288123,2.4597346800385886,-0.023211497882275,1.1224635684350008,1.3319989239179617,1.3757622427335263,1.715862371310324,2.482331555099376
258,1.3570354260036654,0.9766501375061548,0.5690139521927591,1.792335498395915,-0.4149630777614856,0.7624504492525996,0.5582142551971928,1.347499138548486,0.8388118353242559,0.6570446896999481
259,0.7424626087752236,0.3996105245213497,0.3234363033859275,1.1228461867106607,0.1452528752815048,-0.0210609802155987,0.2724463466780356,0.1985499892182943,0.3874342193721282,-0.7273733617467419
260,-1.420760753802197,-0.5690852036394078,-1.5254930566275462,0.236276061892983,-0.5186552694884494,-0.3726996449907548,-1.5060475307132366,-0.4620535572744971,-0.0343548549492584,-1.4551746242979058
261,-0.0302099605441162,1.4239990585022195,1.490739953314108,-0.0374066969868327,1.5015168739221303,2.2653307318802263,1.5103900018195353,1.7125080031182136,1.8244066278879632,-1.208156074835942
262,-0.7220961308854769,-0.8166047407232243,-0.7724971856270596,0.225214568380053,0.575445474434636,0.814173099837506,-0.7787824259127569,-0.6136291318202078,0.4498113044229754,-0.9950938130655786
263,-0.2610616057512178,0.9604077749747196,0.9794833607034702,1.4676617747100402,-0.9526745091742392,0.5571887452901316,0.9507290724151556,2.802995247654861,-0.0432276141203843,0.8153104649985485
264,-1.8145036938646848,-0.3721350315096252,-0.302681880834829,-0.4519094785663812,-0.6417542189258298,-0.636901081596271,-0.3238806764523271,-0.8059334458364953,0.1797523105076242,-1.3996611783137167
265,0.0588722014628814,0.6825957286044786,1.192252270389819,-0.4810513495392822,1.6711301355510737,-0.3992414444264363,1.1493124284982343,0.6479206747717539,-0.4070431178771148,-0.0561270802362105
266,1.403717885894877,1.2660865554962315,1.273429725463325,1.4047889713758603,2.392317941047499,1.396506517424722,1.2905643177052202,1.6298829072745928,1.3134671505755413,-0.0015479628914988
267,0.7346464202984959,0.7490303576924241,0.9005884233613063,1.210168685976694,0.721227876119618,1.5103413544145128,0.9043176556916918,0.5697308137417738,1.2500871216454357,-0.1458593889583193
268,-1.7698748120826877,-1.0061641122907006,-0.5448269357656271,-1.294836355816825,-0.3796286379706254,-1.695142132163773,-0.4834349077400335,-0.3901217455090092,-1.1579350989736523,-0.3409767966578134
269,0.2449956839546059,-0.2043385554988505,0.6049203194638483,-0.0750797694447445,1.3688063777164905,0.98926928339639,0.5651789275416623,0.7014208331609816,-0.3342953661208532,0.8722468079750416
270,-0.748161476091232,-0.3119004815052565,0.5842312434740187,-1.0307980933009522,1.9263267102420936,-0.2543893512112197,0.5699039731069334,0.003395464859692,0.2285852017741977,0.5932845389276373
271,0.1737754092996038,-0.3461147741639072,-0.5836467858349853,0.487732835526669,0.5558148473742631,0.4585364543869673,-0.5978484472129983,1.5952821477327868,0.0105543438632135,-0.2570584707591289
272,0.3706164251330979,0.3148929760585446,0.4766176447214071,1.333842801762497,-1.3798675784981216,-0.5426114551565142,0.4303783479977964,0.1447757790507238,0.0230816596872559,0.0269945061873821
273,1.476420089543056,0.8382884491037436,1.2964647699168554,1.457806970331916,0.4156202599625731,1.2527405942035597,1.3230658492903078,0.8994092109720778,-0.0149701311651745,2.4845162895782824
274,1.1246240038870003,1.5239775339582653,1.176834822900645,1.7023303515031252,-0.6772063627646325,0.1583938485998981,1.167376782838044,0.0266443127447501,0.1047675110812297,1.4883085454306155
275,0.2245296883906888,0.3182348125134172,0.395609744370145,1.3204145129591005,1.5618928588360053,1.1426335143105524,0.3671378762388697,0.4292218567084709,1.0318785250275573,-0.4151662976301183
276,1.0262058243546035,1.1931166660105377,1.6395633646220795,0.9114416411940356,0.0224456699368428,0.564134897678124,2.109350644054526,1.7390236122111618,-0.1503220122788044,1.6750878609402693
277,0.8645333634617899,0.5953500204437209,-0.9691407485780468,0.9895688117687216,-0.8337497583228342,-1.063705229217358,-0.9459971845349248,-0.3990669074783322,0.0607293968448556,0.4432208903903878
278,-2.147155279069912,-1.6618618082842698,-1.911826454474196,-1.1936895756217636,-1.1473840564602538,-0.1322882599282148,-1.8400264165206583,-1.8942674708449607,-0.2534763570034403,-1.6228981354928518
279,1.7397854260903571,0.9222761014983166,0.5122538159171741,1.5005368173196518,-0.4577836231113124,0.8378270938242238,0.474969786803731,1.5941608931087408,1.675862294783081,0.4300235158480813
280,1.3075187301030935,0.5284666022723757,0.505877849577708,1.7002061342183044,0.4451177046387419,0.997777151016618,0.4856771707558348,0.0875373984073911,1.894392059261386,0.633802433408408
281,-0.225661371125391,0.1987652133077637,-2.253666835491285,-0.5638896748026448,-0.1446614312157392,-0.0769732186848949,-2.2002610188572445,-1.3839282292017585,1.6130319068558985,-0.8501415987849751
282,-0.1337820334343741,0.3613231136233154,-1.4913213788877486,-0.3396965703808181,-0.5613898440182269,0.6800921692896982,-1.4684226387153827,-0.4844889542433245,1.5375485011912156,-1.3102364565851246
283,-0.2113472253319101,-0.1474196290231648,-0.003243116579617,0.0289381425197824,0.1187319582382562,0.7716258566522753,-0.0242217540063826,-1.0104251188210402,-1.5873705582121178,-0.038711710275387
284,-0.845524075505867,-1.4794108708351554,-0.1938640188744324,-1.5126925642856297,0.010989418937526,-1.6243466691617758,-0.2009469739175078,-1.1722296745307923,-1.004152257769478,0.0662576744880013
285,0.3827403912360715,0.2141683245454476,-0.9271677845594468,1.6015564875361965,0.2679336424321904,0.7036731723889063,-0.917412597550286,0.600688529161304,0.0246533073266376,-1.2776114741652382
286,-1.2602564027626493,-1.4457532708437963,-1.3509644812668635,-1.726653485661208,-1.4883825798742485,-1.8362071663755957,-1.3389596155234404,-0.6764397418866391,-1.693131525675995,-0.567019199097889
287,0.2692965379232586,-0.2378268005759466,-2.085124665786319,0.6049550735930129,-1.3916266954471863,-0.5550305404509375,-2.046752933125038,-0.7456322599155589,1.6182034968532049,-1.196541174934729
288,2.193235018864085,2.5435681453006884,0.7467794867645805,2.7678287308597205,1.955406944064998,1.7669355885857263,0.7386299437113384,1.824066865234256,1.599117034117286,0.94071949566159
289,-1.304222545916346,-1.1614710535385842,-1.755269255967331,-1.203144594895362,0.2208750880671665,-1.0840072785547603,-1.7048659282481782,-1.2916088952554148,-0.0419826203326169,-1.323502452298448
290,-1.3718788356160383,-1.545075828158385,-0.5390461551625259,-0.8614375186549291,-0.293491978847383,-0.8742496381562525,-0.5356690015050745,-1.0644134982122575,-0.514692725497237,0.5513468630330122
291,-0.8977364358696841,0.1228582202703865,0.0901085459325959,0.0285489946514149,-0.8437654664551731,-0.3538805156875385,0.0305212343003993,-0.4065263241007542,-1.7268658997517483,0.9969353772867786
292,0.9403646279091576,0.0529149095944021,0.0855431757450964,-0.1796312075379518,0.502791682613269,-0.1845075840845814,0.0706368817261294,1.3990312191476777,0.12473140410468,1.4358555045443862
293,-0.7156033077201319,0.185254540557353,-0.2201300263447145,-1.1123338743479494,0.0032447710926575,-0.965935512002235,-0.2200696692228899,-0.2334094892413523,-0.4327741500622117,0.2799451940052636
294,1.1395940849182784,0.7298965075813014,-0.2301609174484154,1.151229725274847,-0.0129752930137518,1.084631878944832,-0.2014672512646377,0.2488492921480797,1.523895445601462,-0.0743692067511319
295,-1.4646142427002735,-0.346786545061468,-1.5988228475638784,-0.7149271493676745,-1.0094026448315845,-1.6543370869452465,-1.5912493482148613,-1.085687479909866,-0.8836267247147661,-1.371640987557036
296,-1.5482883327543149,-1.376169703472019,-1.150598050835797,-1.7926251081548783,-0.4873593313264323,0.2425748264032194,-1.1351152700229774,-1.6146022949337917,-0.6204767155338051,0.0774359838830596
297,-0.9352412120128144,-0.0067758250704682,-1.114702356167791,-0.2554121153814883,0.0648192763795534,-0.4906824136261551,-1.1292694636702598,-0.9142510106421424,-0.4463678585143832,0.1870026239127197
298,0.3268085035961511,-0.0343013013633087,-1.4126089355517122,-0.868533992833142,-0.3527280532985168,0.1050704243935722,-1.3872134254506072,-0.0552417872982028,0.8688877023593002,-1.2358470477364372
299,0.7647239597583799,0.0134908425457411,1.302695845133839,0.8749462929147862,2.370534154014129,0.2931760634330746,1.2566448679520972,0.6296491439030119,-0.4159147030208044,0.4122685781694155
300,-0.915300821394158,-1.4668176085224467,-0.8184243029839919,-1.5339673737579476,-0.960604301141764,-1.5765980260829506,-0.8204633078996845,-0.0753903325489949,-1.3909185402668676,-0.5148900206393822
301,0.5424637958908306,0.5287173763848546,-1.677680177910056,0.4483546174335279,-0.7396975860231852,1.3900958324450394,-1.6160619362915325,0.0446491827970381,0.670096479931377,-1.3264780937217149
302,1.0119355632275222,1.4488073699592714,1.625425601182966,0.5140035070337743,1.676255542052562,0.6785172020979509,1.7459967138946924,0.403727675133571,0.2490360956079898,1.000555253065234
303,-0.2765503492308511,-0.3902889926626308,0.6951133588862358,-0.1322838837690395,2.056830337757449,-0.1651629077272592,0.664193659838622,0.0057266548241536,-0.5669289887648734,0.5290771793374864
304,0.4812976403764977,1.217595179355432,0.4258413740973732,-0.448791541537184,0.1167202941534808,0.8348772420198667,0.3949644437285967,0.7297836079778366,0.5291939590411132,0.6063511535257133
305,0.4494009753681991,0.7541665419912613,0.9446455429359274,1.2096602707881818,2.248858286848075,0.8135941166851007,0.9343010405108942,0.9223350601219216,1.1709017856591233,-1.0882515566289914
306,0.417314933773596,-0.5725646352700045,0.8815450774784257,0.801549483268457,-1.464368107303014,-0.0514849227123422,0.837946241721989,0.317065756030825,-1.133591514747619,0.891304500527252
307,-0.255000995940476,-1.4018361282454102,0.6882401927445156,-0.7442613834339575,1.3727330634574677,-0.2592488435939153,0.6689444544669338,0.4332877082913526,0.664509473782121,0.85248538288733
308,1.1600599537389813,1.9561705300817125,0.8174134975008917,0.4698696577211035,-0.167904248028036,1.2506876340433764,0.7961381485557593,1.7383520624385678,1.0567287060017894,-0.2569534803537912
309,0.0796848144658412,1.0114756048128994,1.4465936904038468,-0.3139304683092305,-0.9320880894273712,-0.6110621574885032,1.426162800727807,0.5181862893932206,-0.6968306030848667,2.3115342083118118
310,-0.0770965810867519,0.7464221043679921,-0.6256517403612272,-0.6180758028873725,-0.1011182493521203,0.4671539707108371,-0.5946864513762419,0.6403850786147272,-0.306258584410048,-1.1734137419741348
311,0.7916535371366419,-0.8397175915874471,0.6420101043816545,0.6023239288825766,-0.0327498674724201,0.9802258474386254,0.6222038561133445,-0.2874244326096724,0.0066048012876015,-0.3336192011616523
312,0.1215646065722672,-0.960704931597209,-1.2363680619171062,0.1372347444563664,-0.589151005886518,-0.0094326512980797,-1.2349359360976144,-0.899215851603154,-0.7171657112331782,0.114555007851256
313,0.0664640186693347,-0.3029638662513981,-1.725315114050871,-0.5333622022668244,-1.0606613868637855,-0.4650159931092133,-1.6748003517044063,-0.8471240242922847,-0.5879090465833334,-1.4603791270104556
314,0.994149661266638,-0.7193966741673645,-0.2090887895889842,1.3975543413977036,0.315167972537093,-0.3673041482780706,-0.2052765104528444,0.0555236015323041,0.70131755365559,0.837304016452184
315,0.12282722886416,0.4593879935996592,-1.9260985488334343,-0.3403088307061929,-0.3664401505233336,0.428364843873231,-1.8883898787919355,0.899552146544916,1.609092664026844,-0.4997922687175648
316,-1.875926572832021,-1.2128512943935683,-0.6374782786084278,-1.0272787163479593,-0.919986974719965,-0.8897713239820784,-0.6735243673975164,-0.7526171825425769,-0.4675852899773232,-1.1660340493830323
317,-1.2666449477417352,-0.8239074739158021,-1.9093752557581063,-0.9395441594709304,-0.0407456911249374,-1.8385585865344405,-1.9340104844447523,-1.638394056583793,-1.7459057913231537,-0.9001128221130725
318,-0.2114025814285447,-1.224844168937652,-1.0847252302832162,-0.4662677089461454,-0.9046586173491382,-0.6348944086195724,-1.0508160850623376,0.2613408031351554,1.209414050656835,-0.0280530830136648
319,-0.5352394850999952,0.0952521278149092,0.1581503455372796,0.7006061391981313,-0.6166401959960052,-0.5143077552178059,0.1280483028184501,0.6349864023989238,-0.316071684460863,-0.2803791730327744
320,-0.7081888661973255,-1.3819721348454912,-0.3191539204936204,-1.203079283651737,0.3631403543955779,-0.9838484221867306,-0.3125478662370606,-0.3926777137459045,-1.1743503965385846,-0.0383735802837748
321,0.7828139515952646,0.5988675101542289,0.8612687115641071,-0.4053086403311974,0.9320713259173432,0.2762796440577197,0.8287104566524968,0.0371921099393139,-0.2341176423990481,0.7563091338652952
322,0.9940475330859138,2.494731915562048,0.3984015195788381,1.1760713409621035,0.0287807020049963,1.1957553668395222,0.4064279579740791,1.1917894090638297,0.5736224006149339,-0.5207261417411972
323,0.3754932527602191,1.3500672529857578,0.6035129085243577,1.2825758607491249,-0.3049588790418837,0.0737085631949762,0.5906004569327742,0.8113940947031452,0.8340140705748791,1.5926113532452382
324,1.2480969064457157,0.5229647693249388,0.9068118507298848,1.6869773678889672,-1.293418355429775,0.0379668413711943,0.8692495114825699,0.8324757004732212,0.2108203721229022,1.773902163541028
325,-0.9689189839513108,-2.3976777303781582,-0.0533734646496862,-0.8963973964580684,-0.3035763034700149,-1.4570565113948872,-0.0150852254621595,-1.2654960607502446,-1.2291145917408408,0.2775160244726391
326,-1.094789277212771,0.6067863321052585,0.7885958254983223,-0.9533031826101886,-1.145242264984883,-0.5601640219153077,0.8168822058676246,-0.5555997591464212,-0.8246399497382711,1.0110097501100903
327,-0.5284687903331076,-0.4220961228050273,1.1364615179791755,-0.230887136121346,-0.4656296220475956,-1.1816702851129277,1.1082371416817562,0.7406038965835917,-0.1627054051134442,-0.5714651361537935
328,-0.9612157260140416,-1.0927562171535965,-0.422426336630848,-0.7431074365056413,-0.0724263036057451,-1.0293636282273395,-0.4316695501388554,-0.0353806628035083,-0.0340112021940602,-0.6567947425233405
329,-0.5486503684941911,0.7780360804874416,0.3767122151474308,0.2774339394578952,2.202574568024997,2.388964766264844,0.3217710701970896,0.0082488284056794,0.8609696499775317,-0.3611339205120393
330,0.2090874284278639,-0.152738230904848,0.0023645913533314,-0.2034668915559045,-0.7929476393431898,0.5476475265597021,-0.0062637537037981,-0.320118611717094,-0.8104230988066949,-0.1312834365237174
331,-0.4018262803981879,-0.8531114078003624,-0.9580112990241582,-1.1291188279859383,-0.3017249639861569,-0.4958407484958564,-0.9374675179740616,-0.934704005405368,-0.6049888063430764,-1.1689103235072762
332,-0.7583567591558794,-0.2447748185500751,-0.6913051683255125,-0.3188552315958096,0.2716914214073473,-0.7980506111545415,-0.6469343208318402,-0.9254050770070648,-0.4472665713356309,0.0279265500631856
333,-0.5889664429252314,0.5024097786052534,0.6427841668440794,-0.767701732111722,2.541840589881664,-2.2998113062523737,0.629024786052545,2.0240723049779907,-0.8121669619995809,-0.4544513714973768
334,0.9503433488267032,1.0873361574916702,0.7274040629436926,1.464628264244329,-0.0907359972015006,0.088288873987435,0.742018171921794,0.2137122699304348,0.4751054774566889,-0.3888954498718303
335,-0.8456815181880081,0.0558728807214391,0.9159466938206968,-0.5351855429601344,2.402198183414225,-0.1919806338132569,0.9607279606792553,-0.3458636951615801,-1.1188707902431927,-1.4463950966225123
336,-0.1290988415199485,0.5267252065477025,-1.429303843403375,-0.893093793601802,-1.1866961816701629,-0.4197104471257514,-1.4495615901462409,-1.0286920164014146,1.1218798825143392,-1.2249843876965738
337,1.5349575965510502,1.02429282841225,1.4458361115050185,1.3622377325987385,2.026437663938191,1.4591871736934705,1.414863491060392,1.3722101075832611,0.7297151020182734,1.9546109434836336
338,-1.4593472901400886,-0.7872623445963918,0.6732415748300363,-0.6433876938526277,-0.7445963090752535,-0.842931298904832,0.6834489371623546,-0.7021570803157426,-0.0603439979989346,0.2217227726375064
339,-0.8186595920524887,-0.2607031737651872,-0.8712312165875259,-0.6768024733964281,0.4388410301252823,-0.1735560692484392,-0.8607464446256222,0.0199004154146067,1.069649702548807,-0.5982088631650357
340,0.6634457269086248,0.2782744679144251,0.7761886256866638,0.931987685939165,1.288241233427558,0.6591987165331221,0.7412731169658603,0.3850316978743024,0.0273221954187809,0.2106868276747041
341,0.2812192989082123,-1.276600010353223,1.02999758614933,-0.4670456122384741,2.091180258637844,-0.1713071389821694,0.9494430661961644,-0.4780223734427076,-0.5439973510211834,0.1209321159039545
342,-1.479605472410613,-1.3512436174018565,-2.7841503508174674,-0.6603268173447513,-1.176289970846978,-1.15450746793443,-2.664259782792276,-2.031870496481302,-1.243919265156486,-2.034391770370391
343,1.697603712782858,-0.3462938937070541,0.8299210084585407,0.2138507038955333,-0.7632516432360774,0.98155652414519,0.8051552906990772,-0.0405248562957575,-0.481266189511579,1.262093708426187
344,-1.1327414361171593,-1.644136315387458,-1.250565011696914,-0.8606232144011909,-1.0539640439884963,1.468156820438969,-1.2403181949819233,-0.8726565838608009,-0.7279288275598714,-1.4918923672321036
345,-0.1251133767532579,-0.1270759312099767,-0.5233515634739765,-0.587488064696739,0.0382538476192681,0.4706227412072229,-0.5196610188793274,-0.8283340829627063,-0.5903940843888239,-0.2491570991982732
346,-1.3662093410710614,-1.6650084333093582,-1.852545916989216,-1.7732045003134174,0.2262442104481557,-2.446406623969299,-1.8185774336673424,-1.8644954561126148,-2.0784821807864247,-1.8060622077454596
347,-0.1764136514288274,0.7073900724799272,0.7387929529668522,1.1114985486408648,0.1790093683432138,0.079912840828897,0.7268493351520704,0.8730853067819705,0.3892143763602506,-0.0243894707279762
348,0.4868434435102349,0.4055002768014208,-0.2361763781900191,-0.6397391618385946,0.9708999203336536,0.2684063257416215,-0.2183548712950248,1.189689680012067,-0.1778311020842564,-1.000613300407334
349,0.2452504839376501,0.4755465555645439,-1.8583438793521772,-0.4437076974999257,-0.6388436582496105,-0.2699709094248383,-1.8272249676530816,-0.4042764282296182,2.040445122186481,-1.2618982157498937
350,0.1868011507684517,0.0380739373906446,1.2490616410488644,0.5513674906018353,-1.0148649252052355,0.7886092591792672,1.1842784482024915,1.2477256735357294,0.2906408756659622,1.327189453704211
351,0.1582934356648211,0.5143845466186273,-0.175157637708507,-0.3503706868637457,-1.5605781967165762,-0.5533067821357747,-0.1814189887911364,0.6377889144221416,1.1165400196673354,-1.3184737778066289
352,0.3006707188933336,0.5258686760043579,0.9154537137570666,0.7119287401553874,0.5355217068364426,0.5482870037330569,0.906556119073578,-0.3306677931410636,0.8092017005645052,0.9489588084438744
353,0.5423685720995944,0.95035128583256,0.1996126054722977,1.0187945459900072,0.6628737728864919,1.8708163223064185,0.1758400101558136,0.3679991318187984,-0.0138921872271774,1.5344146389436046
354,-0.2163956569983886,1.1839991348337755,1.2033058491278714,1.3033326696908414,1.1223318495906736,-0.1820649200204228,1.226328489274164,1.540433205371856,-0.0076739278630984,-0.9815093196243452
355,0.868565174891216,-0.6882577831169078,0.5343449839153057,-0.1462632122887787,-0.596936993867666,0.8661119112732282,0.500056281102097,0.8836606487378094,-0.5729770200430071,1.142487577520492
356,0.8002138380748043,0.2631141862900109,-2.0821863331379644,0.4768117130228375,-1.4519765556326047,0.746789332662623,-2.11725760782113,-0.2568879874869257,1.6956244570218917,0.7273360638083525
357,0.3635532326129506,0.3428433556639628,0.5011042939857993,0.7971216402537864,-0.5230678647695556,0.360555506343851,0.433374585446226,0.4719235483991745,0.518903719246481,-0.2582466778506371
358,-0.0084064499212705,-0.2020320416609235,0.4853517047980151,-1.0662556960435674,0.4918028722421165,-0.3257122800232599,0.4402315653587991,-0.0806385159249936,0.0116317369706887,-0.040734945881256
359,0.5974588943408998,0.2495676736248536,-0.0362218318982954,0.0915929558251743,-0.1794214849022107,-0.1498838928481419,-0.0218429966578906,-0.542518557266752,-0.1331596193438895,-0.3716249314995517
360,1.0284948688001272,1.5077287113985276,0.5282276020760129,2.005524002429729,1.8669692284736088,0.9931183784430646,0.532287225109159,1.3055918966588604,0.4867753471811205,1.2402895178195006
361,0.8209742165130127,0.4268336066422293,0.8183242364329578,0.662379442387581,-0.2052457390783732,0.5702906311046669,0.7947108537584033,1.2546117075641063,-0.4825744605052807,1.4096055729092722
362,-1.0247298742786868,-1.4856585218499376,0.5857090044487598,-1.148660612791729,-0.5511793176031989,-0.7995792270578895,0.5679520925828062,-0.146724723200749,-1.044169853524879,0.4106834448888119
363,1.25690006307535,0.0357995979078788,0.6535820749562345,0.9646312354569532,-0.4280723942265891,0.9848465053854512,0.6406942871622189,-0.0077586079817488,-0.0030248625960105,-0.9436663317415952
364,-0.7225495254713162,1.6329189484975313,1.3904692298481045,-0.1905889312031831,2.390022944940344,0.8653541243830648,1.3181084801555183,0.654030860699462,0.9817836415161164,-0.031857310641338
365,1.4162919044493387,1.115195903146264,0.1931940526626533,1.3493329885345888,-0.1689614427634048,0.7749455099651742,0.1656768910505976,-0.00614395424099,1.4239974950157344,1.3180760376957852
366,-0.4469350394527905,-0.2172705329061333,-0.1946892325248162,-1.155301551764128,-0.6395044284079755,-0.738318090523216,-0.1329664050839769,-0.6713460983068771,-0.1900261187430326,-0.1118975175506464
367,-0.8565429985638945,-1.5859943508842866,-1.262423790326138,-0.7209812727126659,-0.3096319163702209,0.2132659051226601,-1.2377279656674345,-1.5467582355220173,-0.7125184209658745,-0.9997974697122792
368,0.9239192180588974,0.4822045307794629,0.0444937341645282,1.0790752102932235,-0.584581629416431,1.2769263375193134,0.0042637832050193,0.3543069360455085,1.7241806642822624,0.2784154266400312
369,0.3652154114176611,1.175951593100241,0.6494127137309879,0.964019036570024,0.0420640421875212,1.578232299661524,0.6282545901211438,1.3760282289969166,1.94050844259927,1.4702720383872867
370,-0.1503426514524619,-1.7179369737268269,-0.3591019808235682,-0.3300456298698409,0.4290599534186093,-0.9279653896799156,-0.3103000666945978,-0.3442636540661596,-0.4706038098631732,0.1522749680455016
371,-2.007660460485237,-1.2183088209400603,0.3826949630227551,-1.0222393975884445,-0.0241365093296135,-1.6768837530958944,0.3593423128519941,-0.3657147794911487,-0.9163644804054822,-0.737942423299073
372,-1.0282649168356064,-1.2477031325814711,0.6918364731480159,-0.5968068645941857,0.6215132767543836,-0.6928937292308575,0.6224313189203096,-1.3421222021685484,-0.769254215574115,-0.6338897961567471
373,1.2191684680188914,0.2790059691142889,-1.1363340309407095,1.701838574355374,-0.0882505767723247,0.8495790518632956,-1.0932463721907406,-0.041969553509288,1.2102528287191223,1.5448922351306251
374,0.1993157759509667,0.0421394316632606,0.8160259174782727,0.6593444149789339,-0.3531405313537379,0.9526048005741492,0.7849268157792852,0.3155691393858524,0.0116598773761309,1.8592596107228128
375,-0.6605352224423893,-1.302121942446819,-0.7404432216627481,-1.7847273310091225,-0.6510922674497396,-1.5146816937097891,-0.7291777054521569,-1.6556164769876165,-1.4561278369884565,-1.675132425294225
376,2.032801823857453,0.741162002720762,0.937731204534988,0.8874609627679103,2.628391728845296,-0.2669995499561464,0.8932258256813038,0.9657812643953352,-1.191775096330801,1.0137522371511145
377,-0.2405499296993379,-0.1887801126767287,-0.2711386401609908,-0.4156428704081878,-0.7755110706353097,-0.2689381864766837,-0.2313645674932794,-0.4171175302583016,-0.401228298905107,-0.5073082397217866
378,0.5454936979490791,-0.1472846410255755,-0.2305441462247311,0.5092267140103541,-0.5278278591240723,1.467918478449478,-0.2181243033398514,-0.5361966740528143,1.1325798226756665,-1.1294146126522095
379,-0.0124829391574702,0.7598646197173252,-1.125183442663799,1.7147714351406584,-0.7951565207284914,0.4670961245103996,-1.086461013164317,-0.1741326807818761,2.133349336985884,-0.9718179288339835
380,-1.7178450571109056,-2.052945402480752,-1.990756212859541,-2.339984059599894,-0.2017826967694905,-1.539112688428227,-1.9354291971447093,-2.0598528945089822,-1.6600560564153088,-1.5053017014273715
381,-0.9791974752302292,-0.9441714652210988,-1.1999130711794734,-1.345467710846232,-0.9071214675086005,-0.7340097758174521,-1.2173490665390312,-1.0318771101385862,-1.2114675328084223,-0.4719570663382049
382,-0.0601378612081711,-0.5860671997017023,-0.9363098544935424,-0.3962137576283461,-0.8755716567013851,0.0010450755034307,-0.942511145516298,-0.9801649306334976,-1.7934580017845234,0.1112535666174383
383,1.4942542932217322,0.998539979904478,1.0157076738793724,0.8839153443929387,-1.547087141561015,0.3564056258309781,0.970863110698913,0.4134413197616041,-0.0259493250663727,2.137059610840234
384,0.9671474556141624,0.936134996798106,0.2856021943320637,-0.5732055533055201,2.305230386239546,1.0066141467277558,0.265230150525319,0.786330799295504,0.5671572196889938,-1.2280324056763312
385,0.4679217856972611,1.0983467109407208,1.4847421079672471,0.742026963645999,-0.3211965563698011,0.94153472359928,1.3680440993937326,1.8122915524288152,1.185551803755982,1.0242029863834945
386,1.104818682746984,0.684391859259213,-1.2694099872706677,1.1014933975142194,-0.5613038291239096,0.887046966456333,-1.3066314109491235,0.6344933446120601,0.6915328018694622,-0.710531715347672
387,-0.1161933026387053,-0.8225890972106241,0.2221356215745756,-0.1072423602209809,-0.5473559068684611,-0.678496838294466,0.1786334170262466,-0.6743264571690982,0.6696214088582932,0.342816096569093
388,-0.2075678271483613,-0.0517533354608417,1.186855010212259,-0.1453888928559595,1.9992279889712896,-0.3262883822736633,1.144903505787524,0.4494037427628188,-0.3941249871068436,-0.3572569358987462
389,-0.537422098854055,-0.7755186889304905,-0.8577410456378821,-1.0287335045528323,-0.1944498983379015,0.4067058814109979,-0.8711530040465124,-0.5561914313883909,0.0067437015417771,-1.0087018707553448
390,1.340655130298186,1.510571556077039,0.7885006341104895,0.8259017912596286,-0.3875866018569411,0.8691450974067966,0.7850722687387043,1.5785948879892129,0.9864058894082344,-1.4444650422953529
391,1.384684171558244,1.0231617923244027,0.2462608139093787,-0.3374697586135562,-0.967292991025778,2.0976625115363587,0.2293573990284743,1.4067344002009812,1.6556274262913675,-0.4357526874021458
392,1.947191725248894,0.4490004609120817,0.7955934737002807,1.3630689959691882,-0.7783865527629659,1.2202841374249642,0.7836391337264617,0.8769085853713068,0.6644591667581311,1.5502454446600509
393,0.549232751447238,0.509953808420341,-0.1363127120900955,1.0572472201182823,-0.4615765317092778,0.9743998485076514,-0.068486141489984,0.9966271171760884,0.8513199734677177,-1.4389315583901967
394,-1.84135174950861,-1.168550199843264,0.5269627843156621,-1.119298024202498,-0.9078928743726276,0.0057262323818632,0.4937713732688477,-1.130544519547496,-0.6967570799035318,0.2074360182827507
395,0.4999985594979105,1.1833752605764625,0.9956488440252624,0.4696813111983146,0.5336626126979068,1.956448734311688,0.9607193562496354,0.7532297410793365,0.9257222549830678,0.4195036948864959
396,-0.356116800687026,-0.5803968713084632,-0.055257319421228,-0.5624357482819907,-0.5247714551626212,0.1300182855307536,-0.0342961118834827,-0.6276504574530554,0.0087932662107371,0.201914168007853
397,-1.0904720062374544,-0.9268252178762412,-1.3659359607168622,-0.9332731818802394,-1.1593011630704022,-1.571617073057244,-1.3668867972076373,-0.9818790531204804,-1.6954903752443529,-1.137005866003326
398,-0.1395259975651775,-0.1797055525893077,-3.0082536265135413,-0.9385806345466662,-0.3106168359920726,-1.1391004141729355,-2.7347464506198893,-1.887493249013752,-0.0354139459277332,-1.0152970604218294
399,-1.2172108241112984,-0.8091051973584487,-0.5314050195665203,-0.984581411218308,0.2368062764747524,-0.4640163175724284,-0.53858414975032,-0.7195445865923334,-0.4924293838274766,-1.945601140458337
400,-2.0301937958672087,-1.667329882652802,-2.083103327953108,-1.5495237337538672,-0.0317883097947981,-1.8926276707123209,-2.051207381808242,-1.423599385323188,-0.7947000435983712,-0.1320078019941267
401,-0.9740195326585764,-1.7048068999831447,0.6223217830974221,-0.2850336821900825,1.8933395146391048,-1.2830887177860502,0.6439405082236829,0.0040148448060015,-2.0925198793499216,0.2103521417115648
402,0.5975266017355505,1.4950478387579955,0.9574426421708432,0.749019973260658,1.1759839633496183,-0.0927556468192319,0.9547567787713672,2.1626187285393703,-0.0342693277430072,0.346760678142785
403,1.992721312706483,1.482867075098856,0.6512671360026041,1.5211172203415886,1.251334785749156,1.7450067532255364,0.6570423922782133,0.9897225741778036,0.902393366470608,2.345031399511373
404,0.4646450554717349,0.4935312567628525,0.6816599097327103,0.2054354390925705,-0.3222956159199645,-0.582649699771774,0.6727161766746877,1.0215986949397695,-0.6471235629641462,0.2290920905608111
405,-0.0224272849191189,0.7133350811729914,0.6194296048491664,0.8299963241306915,-1.4907263580216186,0.2984818304717287,0.6081416686808863,0.0109345059446592,-0.5539528394580847,-1.0721307829840734
406,-0.0137029094479814,0.0337010004423028,0.1746929437432213,1.0970016967483316,-1.109860575907464,0.2933086168388511,0.1769215916434068,0.0330886551279218,0.1746597460073772,-1.158189906544139
407,0.9683204069037328,-0.1794982443385014,-0.059956395142321,0.8721465039391466,-0.6128176653272148,-0.1170778341523171,-0.0880505569935445,-0.3501202995878626,-0.2949240243753614,-1.5111153555406645
408,0.0460787549284105,-0.7589584285161283,0.7850043051021253,-0.4027329494705027,1.7341314395304963,-0.8436713603330965,0.7645764158203364,1.7981666068255038,-0.0956349913112061,0.6073753228964177
409,0.3575279264535601,0.6220900272660083,-1.2545254779591457,-0.320918692399393,-0.6244260203598387,0.8191060943526184,-1.205464862163376,-0.4511646570244068,0.3290959961049611,-0.4921728854773814
410,0.2925772749612471,-0.3482904103597357,0.0474037525731206,0.1266075594492871,-0.0457291588752053,-0.1364765194085918,0.0025847251033524,-0.3528214568608563,-0.0120101995741198,0.8577184544374636
411,-1.6388353395998698,-0.6850875822928922,-0.639626752374136,-0.4672370667372345,-0.6450923514375221,-1.3658173774354707,-0.6182335778731527,-1.18406909601917,-0.92158082610958,-0.1262806846204331
412,2.171497882805277,1.3098770909928916,0.9790813401096732,1.6226320509351786,-0.9468501400418896,0.5475329481690929,0.933605201706134,0.8183687888912945,0.978447882535488,0.2199403419995546
413,-1.5583781349202497,-1.0555612513914652,-0.622573752167285,-1.3519299131181268,-0.314430360806862,-0.6952774023960574,-0.6021554275238263,-1.0200528943790232,-1.7105223967286995,-1.4968807677957057
414,-0.3356941463259028,-0.6816464657299911,0.8628134197723374,0.3178192897860263,-0.4544137330358535,-0.790076828869525,0.7784933943304064,-1.3173695545642912,-0.1990610576061812,0.5882764261020341
415,2.242249004961078,2.035430812283775,1.6061129045684253,2.017530307088532,-0.2950437622508064,1.151833849211222,1.610273089108626,0.8822229251669341,1.6743870452211709,0.5570435612087413
416,-0.673740230835433,-1.161561072385272,0.0924341691748899,-0.4841761389179927,1.4362521298131947,-1.189488897643401,0.0546963806762118,-1.0273639736673057,-0.6938885547168938,0.4950770040997713
417,1.0505752046213266,0.5588517984764027,-0.2146992756746304,-0.3710564553399514,2.032896773850671,0.593393485893302,-0.2486089518151479,0.554853948132577,0.0490415023919612,-0.7271645901202323
418,0.622540567517432,0.6362307779618532,-0.1690147997439596,0.2094480860850235,-0.5185592563384437,0.3093277963943299,-0.1381173441633278,0.1390287890538324,0.2960963920372649,1.3685794228799506
419,0.2789078600618124,0.1948881263278532,0.0909243239999827,0.5340981284641235,-0.7020597491817472,-0.345134570003288,0.0216262114424323,1.2046041148157518,0.1539699626079088,-0.4920929792682305
420,2.480218161609684,1.0764171774395102,1.0236735148450329,-0.5218422263887234,2.1711117922430945,-0.1795045936640761,0.9901967112804484,0.7952317160481728,-0.8221022453367473,0.0290163469719199
421,-1.2051802313439406,-1.071176371256961,-1.3088764951941947,-0.8823095479117197,0.220794780057685,-1.0970712305610155,-1.3239979637120654,-1.030947032495533,-0.0129674008791772,-0.0951678766091436
422,-0.9465573097113628,-1.1599379367580285,-0.0421697452158611,-0.6338751866795519,1.328937123047422,0.3031269556475328,-0.027385195583684,-0.1717949130335683,-0.9888699727024168,0.5867338377355567
423,-0.4736240789195418,0.1012900871815381,1.4506389820458088,0.4900994576456686,0.8239709228135621,0.0138790081265018,1.4091816140445843,1.868407695454364,-1.601171645503509,1.8064484042899756
424,-0.2628071974261777,0.2413555779463925,-0.1020459797078615,0.4069253571458312,-1.0842941268787798,-1.16941860152332,-0.0778837914751992,0.2133304339037064,-0.2827659489281386,1.6681436167740902
425,0.0348913578359487,-0.4689850841091436,-0.0189582351971441,0.157247200490132,-0.080266820326952,-0.0946262751873587,-0.0075784919788569,-0.7217640245672756,-0.1836380219850334,-0.3991465582564493
426,0.4813781994647136,1.742963047744441,1.420168666680556,0.185316441663109,1.923506380945609,0.3635739911314097,1.3997887655463537,0.8210029410995892,1.016712864077306,1.2056094263245012
427,-0.0001837560202008,0.4894939011291647,0.5818049011643893,0.1817586342804185,-0.8375453845018084,0.2863805504634728,0.5713862848283442,-0.5186081023116523,-0.7864535234100396,-1.7307209135411097
428,0.8705131930399135,-0.6933277260201861,-1.659910670727038,0.4323366264016975,-0.364242623909348,0.4766552386928622,-1.6486993564610668,-0.5489502249061589,2.1227931479461404,-0.0623879181467907
429,0.623067934593762,0.2914557862957044,-2.226496992058368,-0.9701434352596549,-0.5730390414809506,-0.0320421311256591,-2.2026290820555685,-0.6541448940645939,2.115614974122032,-1.3911192249966504
430,1.1078732383206136,0.9294714462082564,1.378918654120631,1.171893313025148,0.4963694337321387,0.653620151355209,1.3252063655266977,1.44991419861947,1.487378514514983,2.5422882544916217
431,-1.1434963455808909,-1.028575743776513,-0.3618763074311885,-0.7894444514974134,-0.0908195300478054,-0.2450935479927425,-0.3740399935334949,-1.322356357960837,-0.8580774454981669,-0.6111551586310205
432,0.0116704520800997,-0.1369699611053008,0.8073040550155425,0.2188535784592078,1.4036849591545637,0.6958672364694957,0.8168978642082989,0.0265204762111758,-0.7751462458441786,-0.2502135752028174
433,0.8610945293065912,0.6231130002879132,0.0905178801834336,1.2668490965372727,0.1898233147275835,-0.004704528689223,0.0106887228189299,0.2983596070582537,0.7831675761317174,0.6284584870526864
434,-0.7903486939556404,-0.5371986740633885,-0.3532964353508933,0.2926207408135738,0.0547748311281484,0.0692478886724393,-0.3285464249810539,-0.365745471508495,-1.4578740343136838,0.5127275148511463
435,-0.1585594958320553,0.5572475747166326,1.0274319104349146,-0.5951517757761811,2.599390919527562,0.9002381867813526,0.9228843072975926,0.0067895238114465,-1.9280455173579405,0.3326033957460433
436,1.0418241997274864,1.6113300295647337,-0.0712222511278042,0.9172756838108764,0.0236274522053003,0.3446333748762897,-0.048000890719774,1.0227100867762189,1.333417650260759,-0.9910493033366552
437,-0.9619872788196144,-0.9194238038545204,0.2817205625102502,-0.7576334452475578,0.0334306054787841,0.1478985890355511,0.2644925378523896,0.0794193172855749,-0.4101329584357381,-0.5559332079399478
438,-1.166767627175561,-0.82529225487353,-1.630568961500872,-1.7843003706234857,-1.1525154966436808,-0.7776376640806623,-1.642001816588793,-2.53393009265934,-1.6180589198571766,-0.5144768201369059
439,-0.1532240194544033,-0.6715780186642145,-1.1168295224143816,-0.3380520449311784,-0.4426406134172282,-0.1047120846132962,-1.095585715557379,-0.7771725373138083,0.0418948055941306,0.0782803855910955
440,0.0129307746843754,-0.1582284160930952,-0.0605874556782519,-0.1015536618628012,-0.9554033263464908,-0.5357355334016973,-0.0515645732839005,-0.5772402113978208,0.1783434719083688,-0.5141462397569591
441,-1.7095967679728146,-1.627079322897507,-2.0871003019191905,-1.483746665638538,-0.233767986823677,-1.09213174670345,-2.056314967687595,-1.5571903701980234,-0.7686424959992153,-1.86781319912718
442,1.2402860420153847,2.53219439511704,1.060749248010331,1.0424215177283336,2.253680112450245,0.561116872954159,0.9932736788361676,1.447406009485766,0.4802008613151804,1.0287723535839448
443,0.4364804666198412,0.8484337637283988,0.9401282650258198,0.8936549945539752,-0.3955888667624748,0.7743580694825232,0.9124527713526278,1.0024937027734673,0.4218280613139641,1.7897206193250002
444,-0.0530202330419689,-0.6126104159922523,-0.1795018704413588,0.0704428886217727,-0.5939041480420275,0.2661935074124088,-0.162267314458924,0.5739884043776597,0.2717079228982672,-0.4967855535101292
445,0.3841142482629445,1.8641976396885007,1.0719809588313725,0.3577508381432526,-0.2183540155849227,-0.6262783162795585,1.0615556969222633,0.2689894318377517,-0.2128643728571005,-2.156719350358682
446,0.3814652030203791,0.1107489019230445,0.698015052038029,-0.1591597164436605,0.0311203539340892,-0.873145409820885,0.6744999623966108,0.5579885240505267,-1.5848424835537491,0.7856371281990239
447,0.866076991361581,-0.2841283408278605,1.615293815548568,-1.7070148046972482,0.7976300793390751,0.7193519536582769,1.6634842267523264,0.5776300969941308,0.2843463009512124,0.0420164215754166
448,1.1186160794041218,0.3023983814637092,0.6750058060958494,1.41534880521275,2.0482928383258883,-0.4197053577021637,0.6674364627617214,1.4319681682549814,0.1195352698858425,0.9049236433153244
449,0.7936509721956042,0.292195070335103,1.0429495902080037,1.1411555182062096,0.6990766523313201,-1.121660631789052,1.0167361496455518,1.7505836788625673,-0.4747235991884853,1.020644035166621
450,0.1012026076797256,1.284341999068147,0.0995475852852467,0.795137666972903,-1.0578048092424903,-0.0601867907002112,0.0742457842874019,1.3989119153727567,-0.4043677765772991,1.36890194829541
451,-1.3073348794509805,-1.31009195139334,-0.378610844166573,-1.7133845615579493,-0.4865552502404289,-0.9156214430488888,-0.3616038129786136,-1.0866068749682147,-1.1506295254897811,-0.87363739289556
452,0.346933812676725,0.6684014536073232,-2.0833405318536737,-0.2933042374518336,-0.7647901613063688,0.0830758743329385,-2.217542075125167,-0.3632096294634859,-0.4609302073553485,-0.673749224342271
453,1.5161663172520297,1.472401919541323,1.0344765300453445,1.1756929874137778,-1.5311678797155357,1.2312829480047858,0.9996743866773158,1.2765534865796633,1.0466729135565118,1.0908514350023422
454,1.340324945771413,0.1556140373933766,0.353709773594572,0.6115634429847856,0.2639284215321483,2.008836449011596,0.3162631656682546,1.423648254333071,0.1973241833275356,-0.2107239210810241
455,-1.9664514451476425,-1.0738160187597616,-1.1898526386585138,-1.9924971864565764,-0.154020636561329,-1.8994990407706085,-1.1763168852582493,-1.6418828839887891,-1.1443956470372605,-1.6403733672491982
456,1.7761729297076296,1.3126000589048272,1.4995701139566424,0.8105468229863854,-0.5826391849198618,0.0165182933781501,1.5526411434487073,0.3738629565426332,0.4631610367306772,1.8581317381015765
457,-0.2600953279661211,-0.1473783594801705,0.2229169014822916,-0.055208392179314,1.3018614207992447,-0.4683314046704699,0.2068315793581227,-0.7729056846145532,-1.0968129978774424,0.5572814125476666
458,-0.3292747505957332,0.388395217281834,0.7337183808530616,-0.1030202478144066,0.4783411607886848,0.2887199450438245,0.7166205204300005,0.6686629501561664,0.0095463272922897,0.4807229820355351
459,-0.4788889189036218,0.159684880862363,-0.0146030258514001,0.4008224260714102,-0.2042722994829087,-0.2632853860243265,-0.0115924285028583,0.2050439659484923,1.0815728720793163,0.0256553728058293
460,-0.2054186957097832,0.5122381718526426,0.8568884861999165,0.2508367802882622,0.905585818192183,0.1425765965016911,0.8135690983509818,0.3250950366321015,0.0160042980738546,1.5096270073541638
461,0.9958731366300086,0.3770983958903613,0.91190659163855,0.466462608125257,-1.2443315998764362,0.1651939994788802,0.8725938065522394,0.7070141617743695,0.4310931303911556,1.445485216394236
462,-1.1359633163641578,-0.7600575042953528,-1.53613713019378,0.0791666603023017,0.2951714301893728,-0.6364887771579032,-1.5310371972371797,-0.308534166221058,0.3469236607060684,-0.7715039649704065
463,-1.3040171010429304,-1.827369364776961,-0.033525180474258,-0.7369102095192587,0.2171644199775076,-1.0199411519812347,-0.0045224192124465,-0.042801204520641,0.0090699596595184,0.6079621625489479
464,0.693095827744301,-0.5478637965759275,-1.0021446166647388,-0.8148241397466535,-0.3643499143970228,-0.476347425458172,-1.0130123296136606,-0.8856819092313776,-0.7596597270320427,-2.1906464316263183
465,0.8818886798518227,0.8843586202761712,0.3764040092495583,0.5144380499854364,-0.1508295100518568,-0.2959036772118038,0.3669856517332788,1.35599131199636,0.4191249690365967,1.3807533735828346
466,0.6461527038537951,0.5706176650439582,0.5568234582933355,0.5006942552749505,1.365413191336099,0.0722343208310979,0.5667675273942322,1.2853387559437894,0.1208881440735796,1.3779711835266768
467,0.0874281773902015,-0.5644103845887664,1.0293553580639818,-0.215223394269366,-0.6969973961032351,0.1251730277299406,0.992744503083961,1.515002714578067,-0.0707020692867924,-0.3143330349315432
468,-1.6024637110460616,-1.624707106405365,-1.0046425632213145,-1.005519005376354,-0.660428593624704,-1.302493331951741,-0.9824006734908806,-0.9911217794618862,-2.275093618214445,-0.1897037569050814
469,0.2750007834884398,0.2317984053399232,-0.703358985285832,1.1292158454152248,0.1467472840618411,0.291442111364648,-0.7122767025667243,-0.3329599962998216,0.1177673428810203,-0.9283968917382917
470,-0.949545974859962,-1.0056025218947215,-1.9080419450078152,-0.5325741532379858,-1.2465213108016804,-0.3304569584998081,-1.9574944252490911,-1.1425526406238649,-0.8043540851178712,-2.160125795065067
471,0.8230410454626622,0.6150357356764401,-0.2390362222610685,0.3169807734536786,-1.1025606454877572,-0.5144025290540626,-0.2395405715636548,-0.0305610668753076,0.3392978186107859,-0.1298615560088017
472,0.9346366900448744,0.6865902829346893,0.4298756766892779,0.9459990194210272,-0.7744607324334709,-0.274055160286206,0.4127884472471673,-0.3871160563363944,-0.0702934059723063,1.6457515461923529
473,0.4016674714034922,0.3868262524139794,-1.9421712076363573,0.6993492428374248,-0.1803548460441389,-0.4777764343013759,-1.9629233753539532,-1.1075797105403726,-0.1550480661508551,-0.9756841562851388
474,0.1102636124150507,0.1340478206855669,0.9883220644807889,0.2340241346496402,-0.4418119113176708,-1.0882851380852867,0.9563070679136648,0.5738594544052003,-0.8721067220519383,-0.7379045924247832
475,-0.6558407317125741,0.3371273479219979,0.0803046603733891,0.2113598952223055,-1.57618176981318,0.7500114405254942,0.0156859560839444,-0.7703850322771593,-0.8987700623867608,-0.9520899757455422
476,-0.9278583130064952,0.0567669150416622,-2.087153660523178,-1.036587453242258,-0.3888120945964784,-1.0721525547369104,-1.9871534845971628,-1.535668418287999,1.2019739308524788,-1.2171351578667189
477,-1.3288470015331448,-0.9417773377198316,0.4299457201078827,-1.51242391850171,0.4000081814692899,-0.4203958459745018,0.3911964321776329,-1.5468500429724104,-0.8649809051650081,-0.8300548725118683
478,0.4216762506959331,-0.6931883295683453,0.3927515634495712,0.1872055271899534,-0.6459305809239352,-0.8682975563254524,0.3304917726385735,0.0029828636805955,0.5670321841759417,1.5428344609215028
479,-1.5265317679424777,-0.0101832486880036,-0.1455638333962385,-0.5008102958453906,-1.470396271727108,0.3227664380042128,-0.2006182488623419,-0.5317009479447009,0.2213357878631839,-1.313401166025827
480,-1.3128724384543824,-1.8676569388756263,-1.421720930011692,-2.0335066483665694,-0.7973990807432204,-1.4949811893310043,-1.421953948034092,-2.2970370489598606,-1.5555699655831332,-0.0464660841833724
481,0.8526436798885514,1.06152559123589,1.264859888270963,0.8118307203079173,1.2466219636295852,1.4319803420731123,1.2262015665845196,0.906390834672635,0.8623901318260461,0.7248864668250506
482,-1.1391927389603451,-1.3970804017929352,0.7499237920745675,-0.2661240504860432,2.33237539812494,-2.323597291751104,0.7101098810893851,0.8384271331916587,-1.301101874563786,0.1360260060711753
483,1.0042169351472636,1.0720898661091645,0.3292979778836831,0.003097464859465,-0.7231264767103461,0.6543714548274281,0.2831081678761463,0.0976284947414142,2.080163137163433,0.0777284362340604
484,0.8761250535837232,0.0968717322202031,0.5162014221878228,0.612588812565127,-1.0863258072231927,0.4375195222269518,0.5001814632080538,1.0401651639504774,-0.1253869273880045,-0.0071130969511919
485,-0.5192640552911741,-0.7473056495815898,-1.1486578613838097,-1.0181465372712066,-0.7357246308213247,-0.4473922875937305,-1.150011874586019,-0.5129743758410532,-1.0117801005962166,-1.6431863035968506
486,1.0757845773509445,1.560992921629654,1.4009828518432887,1.503934998212826,-1.2226874309306297,1.4439721569820183,1.4215927700600424,0.460827687543653,0.9369458929531252,0.9109369404034234
487,0.3664345252421875,0.0419869183521339,0.9919592132028472,-0.1662150497126901,-0.7382217454147953,0.477516619728299,0.9364642293119032,1.4594244681893769,0.0058875818694571,-0.1700017068558135
488,-1.0730914096801802,-1.4830823531792114,-1.0433042623865878,-1.2349060067976,0.1807120312941929,-1.1500530602335632,-1.0524794438437997,-1.8475155348274783,-1.6066092223385828,-1.259408850796829
489,-0.9419888869617384,-1.038696030200363,-0.3901079998454716,-0.2359791784711988,-0.7955414058040882,0.2564446635152099,-0.3322586806706881,-0.4213737161549667,-1.12902829396391,-1.4673186375819458
490,0.255310287129065,-0.3843571428757501,-0.0483134643879183,0.8155286252150334,0.1500776822224764,0.4587388365064855,-0.0026280115616425,-1.5866094035024982,0.4307070495677766,-0.0551254725671631
491,1.586473263927469,0.966499174986509,0.0647424508235598,1.290528656003736,-1.603870770822902,0.4610404870582175,0.0238295706145755,0.8652496697721577,0.1696400880116438,1.507668899870009
492,0.0786992695508646,-0.0147785435408405,0.1025757010119018,-0.6214250006293154,1.624659548281307,0.5258097884728768,0.0507555559300762,-0.5658081499721712,-0.180614487824447,0.5944769274797076
493,0.1581569001905476,-0.5518781926308074,1.0627931124538352,-0.5609885193950221,-1.288801679640971,-1.0470858963142378,0.9944549175699662,0.544442364787014,-0.0241889729987388,-0.340161970118451
494,0.8317752819489511,0.3494369051644775,-0.3578006190117335,0.6090199631087685,-0.4436059174931416,1.245310208235587,-0.3384137718398504,0.3584837593035844,0.7020775383791433,0.3557072903902656
495,0.1712190300732367,-0.554273245401864,0.579799782426498,-1.232168148008157,1.5821027261568958,0.0284602323604531,0.5793138576128465,0.3126869258397448,-0.7021983567722152,1.344066207666806
496,0.153144514152755,-0.8830993924140708,1.1010870758473437,-0.2798625559687789,-0.0273404050863402,-0.7397870501327852,1.061259712387591,-0.4889188277530884,-1.5224912773457115,-0.4687875443849158
497,-2.1791854296166338,-1.3103970970371726,-1.0610473554455977,-2.298779438616107,-0.6269758407769743,-2.4748977264445227,-1.0375398450400768,-1.845910401809793,-1.4935179767352191,-1.3076581647894188
498,1.9956894442524455,2.177875077868637,0.3151871562545652,1.1823571294851587,0.3179487746996481,0.6510933821250421,0.2888858802384518,1.0106111827741144,0.2084612728144664,0.4637784541160041
499,-0.1298036200619937,0.7816184526191428,1.6396563324097395,-1.393089898524472,-0.9033805151605806,0.1629600718913596,1.963458954005181,0.5879227177736921,0.1390853574286891,1.2717954189799794
500,-1.0324939187184845,-1.9453931940848923,-1.9630541032402429,-1.640785525181294,-0.0027384304481302,-1.8213968650556875,-1.936293455994104,-1.8776885393863385,-2.2371436479241726,-0.1923155420775827
